marker,chr,pos
SAH010136363,1,3.479313
S2H010137098,1,3.49769
mUNC010515443,1,3.738851
gUNCHS000018,1,4.574446
S1H010189775,1,4.814618
S3N010202785,1,5.139864
gUNC30322,1,6.133922
mUNC010010509,1,8.3478
mbackupJAX00000484,1,9.624198
gUNC83675,1,9.914213
gUNC114802,1,12.024854
gUNC120225,1,12.468006
gJAX00001099,1,17.823238
gUNC207853,1,18.686703
SSH010754626,1,18.935889
ST2010841024,1,21.095833
B10010021636,1,21.706348
gUNC258775,1,22.120466
mbackupUNC010532073,1,24.043856
mJAX00001692,1,25.737024
gUNCHS000309,1,27.76204
mUNC010054938,1,28.649486
mJAX00001960,1,29.302678
mbackupUNC010061308,1,30.813878
gUNC383274,1,31.896499
gUNC394961,1,32.903295
gUNC432749,1,35.192065
gUNC469448,1,37.678331
S6J011558924,1,39.012202
gUNC487441,1,39.05381
S3R011633104,1,40.866763
gUNC525766,1,41.5171
gUNC548541,1,43.170577
gUNC550476,1,43.292013
mJAX00249118,1,44.145673
gJAX00249409,1,45.637948
gUNC591481,1,46.060088
gJAX00003475,1,49.519813
gUNC641785,1,50.421071
S3N012018541,1,50.502696
gJAX00250282,1,51.019463
gUNC667964,1,52.225848
mUNC671488,1,52.509953
mUNC684769,1,53.672658
DNT012225925,1,55.687293
gUNC715622,1,56.081941
SBT012244057,1,56.140601
gUNC721751,1,56.615779
mUNC010731340,1,57.397735
gJAX00252106,1,58.224089
mbackupJAX00252178,1,58.562392
mJAX00004261,1,60.034786
gUNC766527,1,60.439814
gUNC770116,1,60.800976
gUNC791131,1,62.7584
gUNC794531,1,63.043148
mUNC807932,1,64.417968
S6Y012629524,1,65.77726
gUNC835226,1,66.47639
gUNC868588,1,68.852295
S6Y012759490,1,69.026413
S6H012772559,1,69.353153
UNC878465,1,69.61437
gUNC890096,1,70.502782
mUNC898891,1,71.204597
mUNC010142203,1,74.105816
B6_01-074963079-S,1,74.955664
S6J013019470,1,75.4634
S3N013040016,1,75.977058
gbackupJAX00005508,1,76.679895
SSR013088151,1,77.180415
S3N013089544,1,77.215237
gUNC982810,1,77.575412
gUNC988578,1,78.059957
S6J013139471,1,78.463434
S6T013141533,1,78.514978
S6J013178782,1,79.447283
S1H013204417,1,80.088146
SFT013210000,1,80.227724
gUNC1023024,1,80.484856
ST2013252820,1,81.298226
gUNC1047748,1,82.607502
mUNC1079635,1,85.928536
gUNC1092120,1,87.507329
gUNCHS001601,1,89.61885
S2H013602293,1,89.985066
SAH013616907,1,90.350412
gUNC1138338,1,91.025525
gUNC1142250,1,91.311426
gUNC1153431,1,92.300995
mUNC010586869,1,93.600951
gUNC1210515,1,97.554482
gUNC1214415,1,97.88245
gUNC1225138,1,98.792703
S6J013976867,1,99.3494
gUNCHS001812,1,100.192048
gJAX00260958,1,101.3732
gUNC1276993,1,101.970713
gUNC1296431,1,103.070848
gUNC1307235,1,103.60149
S2H014199881,1,104.924768
S6H014218009,1,105.377964
gUNC1335696,1,105.839014
mUNC1351738,1,107.289636
mUNC1370843,1,108.638586
gUNC1383332,1,109.440125
gJAX00008269,1,113.761813
gJAX00263321,1,114.3832
gUNC1469655,1,115.062621
UNCHS002030,1,116.168084
gUNCHS002088,1,119.609527
gUNC1565720,1,122.56174
gUNCHS002157,1,123.229065
gUNC1593484,1,124.476475
S6R015034070,1,125.7795
mbackupJAX00266606,1,129.737684
gUNC1681036,1,131.329969
SFT015311457,1,132.714172
gUNC1706873,1,133.331068
S6T015381026,1,134.453396
gUNCHS002460,1,134.78674
S6Y015422817,1,135.49818
gUNC1739568,1,135.744351
S6J015452108,1,136.23044
gUNC1750242,1,136.440039
gUNC1767179,1,137.707929
gUNC1770327,1,137.934628
SFH015526372,1,138.087043
S2H015556503,1,138.840335
gbackupJAX00269153,1,139.406568
gUNC1806326,1,141.042145
gUNC1823389,1,142.068303
gUNC1825459,1,142.193988
SFT015716951,1,142.851532
mUNC010463165,1,144.42503
gUNC1872920,1,146.0652
S2H015862651,1,146.44203
gUNC1886404,1,147.134603
gUNCHS002697,1,148.592996
backupUNC010628673,1,150.987363
gUNC1940721,1,151.030832
gUNC1973125,1,153.161122
gUNC1978827,1,153.620353
SFT016154602,1,153.740812
S1H016201835,1,154.921635
gJAX00272462,1,155.861419
mUNC010905835,1,157.50048
S1H016331722,1,158.120638
S2H016332934,1,158.15093
S2R016348703,1,158.545159
S6J016375332,1,159.210882
gUNC2050462,1,159.663376
S6J016433395,1,160.662467
gUNC2073776,1,162.165725
SFT016564456,1,163.938969
gUNC2097425,1,164.122588
gUNC2111325,1,165.040061
mJAX00012213,1,166.626813
S6J016707095,1,167.504959
SAJ016739818,1,168.323026
gUNCHS003215,1,168.900052
S6T016769386,1,169.062235
gUNC2173489,1,169.519587
S1H016803365,1,169.911718
gUNC2184852,1,170.220078
mUNC010353604,1,170.269105
gJAX00277311r,1,176.280708
gJAX00277549,1,177.302386
gUNCHS003416,1,177.715703
SSH017130990,1,178.102317
SSR017160800,1,178.847583
gUNC2299232,1,179.379305
gUNC2308922,1,180.269398
S6J017252720,1,181.145568
S3N017323697,1,182.873993
S2H017427232,1,185.412997
S2H017427579,1,185.421679
gUNC2368826,1,185.548776
gUNC2376911,1,186.174392
gJAX00013701,1,186.848718
gUNC2387976,1,187.12491
UNCHS003666,1,188.580162
gUNC2409375,1,188.987148
mUNC2410175,1,189.036607
gUNC2412055,1,189.187615
gUNC2415435,1,189.442892
gUNC2415435b,1,189.442892
gUNC2415693,1,189.461217
SFT017595245,1,189.613341
ST2017597987,1,189.681883
ST2017598286,1,189.689371
ST2017598296,1,189.689618
ST2017603365,1,189.816325
ST2017603515,1,189.820088
gJAX00280323,1,190.219701
mUNC2429277,1,190.635546
gUNCHS003721,1,190.732803
mUNC2430731,1,190.772476
gUNC2431046,1,190.800015
gUNC2431585,1,190.841786
gUNC2433755,1,191.051041
UNC2434587,1,191.139873
JAX00280488,1,191.230329
UNC2435874,1,191.232355
S2J017703609,1,192.272556
UNC2448512,1,192.501223
gUNC2448897,1,192.54635
gJAX00280763,1,192.551513
SX1017717580,1,192.621828
UNC2449523,1,192.624291
JAX00014139,1,192.649697
JAX00014166,1,193.00054
gUNC2453835,1,193.027589
gUNC2456034,1,193.196344
gUNC2457020,1,193.290847
UNC2457544,1,193.33721
gJAX00014191,1,193.355605
gUNC2460751,1,193.831527
mJAX00014283,1,194.568875
mJAX00014283b,1,194.568875
gUNC2495151,2,5.270141
gUNC2501218,2,5.676136
gUNCHS003923,2,6.629922
gUNC2522862,2,7.33289
gUNC2553197,2,9.826534
gUNC2561908,2,10.408725
S6J020446834,2,11.175662
gJAX00091360,2,12.868364
SBJ020533570,2,13.344073
gUNC2610362,2,13.979734
mUNC2619648,2,14.683066
mUNC2624191,2,15.067279
gUNC2633019,2,15.780633
gbackupJAX00215705,2,16.454937
mJAX00484113,2,17.097456
gJAX00484223,2,17.920316
gUNC2663264,2,18.479131
S6J020782084,2,19.556931
gUNC2679953,2,19.768895
gUNC2688214,2,20.286353
gUNC2706030,2,21.394415
gUNC2711956,2,21.754707
gUNCHS004244,2,25.520952
gUNC2767893,2,26.221844
gUNC2770303,2,26.480869
SFT021080567,2,26.904187
gUNC2781257,2,27.306657
gUNC2792471,2,28.056783
SFH021332690,2,33.207272
mUNC2848293,2,33.410349
SFT021381098,2,34.417486
gJAX00093084,2,35.888088
gJAX00487283,2,36.734909
gJAX00487617,2,40.068946
mUNC020306643,2,40.637808
gJAX00487704,2,40.860576
gUNC2935160,2,42.109687
S6J021689509,2,42.127749
gUNC2944490,2,42.782659
B10020044238,2,44.128205
SBR021781453,2,44.426343
SBC021868182,2,46.594565
gUNC2998289,2,47.888986
mJAX00488677,2,47.951588
mbackupJAX00094100,2,49.56835
gUNCHS004928,2,50.835953
SBT022045776,2,51.034416
gJAX00490113,2,56.442094
UNC3120836,2,57.237759
mUNC3124756,2,57.667482
gUNC3159715,2,60.271463
gUNC3168121,2,60.909744
mUNC3175666,2,61.551307
gUNC3179577,2,62.043369
S6Y022619844,2,65.326451
gUNC3223501,2,65.675027
mUNC020087824,2,66.088365
gUNC3230084,2,66.148627
UNC3239202,2,66.759299
UNC3247099,2,67.298993
UNC3251467,2,67.571997
SX1022720755,2,67.849235
gUNC3266951,2,68.635175
UNC3268533,2,68.739547
UNC3272772,2,69.016432
SX1022779779,2,69.324819
gUNC3278810,2,69.393471
gUNC3282025,2,69.646932
UNC3290343,2,70.227935
gUNC3294360,2,70.546875
S3R022843244,2,70.911467
gUNC3308187,2,71.609877
SFT022884953,2,71.954172
gUNC3316097,2,72.198921
gUNC3339978,2,74.372186
S6Y023054737,2,76.198784
gUNC3390481,2,78.393193
gbackupUNC020104494,2,78.776445
gJAX00096462,2,81.131327
gUNC3435709,2,82.64691
gJAX00494942,2,83.619047
S3N023421264,2,85.361949
S6Y023436902,2,85.752898
mUNC3484677,2,87.611868
gUNC3545364,2,93.916426
gUNC3568598,2,96.048492
mJAX00497664,2,100.108036
gUNC3633403,2,100.841211
gUNC3659049,2,102.511818
gUNCHS006044,2,103.701952
gUNC3707804,2,106.603118
gUNC3715557,2,107.242081
gbackupUNC020481320,2,109.045048
mUNC020137208,2,111.582593
gJAX00098744,2,112.288334
gJAX00499986,2,113.090414
ST2024553732,2,113.673669
gUNC3786561,2,114.360864
S6H024601566,2,114.86964
gUNC3792842,2,114.953897
S6J024630823,2,115.60107
gUNC3799927,2,115.613252
S1L024667345,2,116.514129
gUNC3835514,2,118.607422
gUNC3839051,2,118.978492
S2R024811869,2,120.127222
gUNC3855439,2,120.721825
S6H024911240,2,122.622934
SFT024968011,2,124.042195
mUNC020185566,2,124.069453
gUNC3906007,2,125.143872
S3C025030184,2,125.596526
S3C025039182,2,125.821477
S3N025049252,2,126.073223
gUNC3923424,2,126.773369
gUNC3939722,2,128.096853
UNC3945744,2,128.570515
S1J025150046,2,128.593091
gUNC3955258,2,129.36196
gUNC3964649,2,130.074495
mbackupJAX00503740,2,131.031475
gUNC3987593,2,132.078144
gUNC3995273,2,132.56169
gUNC4003979,2,133.18661
gUNC4015115,2,134.056426
gUNC021476603,2,135.408732
gUNCHS006892,2,135.721986
mUNC021491922,2,137.682941
S6J025539200,2,138.32194
gUNC4075526,2,138.960417
S3J025584622,2,139.457485
gUNC4082030,2,139.575144
gUNC4088737,2,140.097969
gUNC4094001,2,140.509973
S2H025660521,2,141.354966
S2R025661119,2,141.369901
gUNCHS007020,2,141.469627
S2H025673260,2,141.673436
S2H025715658,2,142.73337
gUNC4128983,2,143.166378
gUNC4133510,2,143.501905
S2H025777100,2,144.269432
mUNC020504947,2,145.320723
gJAX00506345,2,145.760544
SSH025853615,2,146.182304
S3C025863071,2,146.418704
gUNC4170760,2,146.568826
S6R025872386,2,146.651574
S3C025878727,2,146.810104
mUNC4181145,2,147.417342
gUNCHS007216,2,147.883002
SFH025925531,2,147.980196
gUNC4231083,2,151.054576
gJAX00507625,2,152.8705
gJAX00101874,2,154.220954
S6Y026254681,2,156.208957
gUNC4297878,2,156.963809
gUNC4312479,2,158.167183
gUNC4331573,2,159.334387
mUNC020545758,2,159.466582
S6J026413436,2,160.177831
gUNCHS007610,2,161.203638
ST2026499508,2,162.329633
gUNC4384936,2,163.021045
S3C026573137,2,164.170351
gUNC4402698,2,164.208266
gUNC4410736,2,164.787613
gUNC4422942,2,165.62802
gUNC4478974,2,169.543406
gUNC4505252,2,171.065673
gUNC4513522,2,171.58763
SFT026879001,2,171.81695
gJAX00103339,2,173.778838
gUNC4569394,2,178.265321
gJAX00512917,2,178.979282
S2J027222691,2,180.209092
gUNC4601969,2,180.640238
mbackupUNC030360530,3,3.850479
mbackupUNC030360676,3,4.971739
gJAX00103952,3,5.986931
mUNC030749946,3,7.24951
SAH030317027,3,7.990741
SBJ030341629,3,8.605805
gUNC4683846,3,9.592624
S2J030435656,3,10.956467
gUNC4707997,3,11.246017
gUNC4743317,3,13.789619
gUNC4746232,3,14.005176
gUNC4762747,3,15.182765
gUNC4799475,3,18.583773
gUNC4805771,3,19.007554
S6J030852497,3,21.366611
gUNC4850842,3,22.046676
S2T030880180,3,22.058682
gbackupUNC030870967,3,22.945777
gUNC4879415,3,24.153783
gUNC4889029,3,24.937818
gUNC4894822,3,25.544865
gJAX00105532,3,27.319276
JAX00105599,3,28.217779
mUNC4926757,3,28.236267
mUNC030031869,3,32.432822
S6H031356365,3,33.963287
gUNC5009091,3,34.120771
gUNCHS008393,3,35.36044
mUNC030404303,3,38.198658
gUNC5075799,3,38.616605
gUNC5091100,3,39.536009
mbackupUNC030068994,3,42.50663
S3R031757419,3,43.889928
gbackupJAX00106851,3,44.938
gUNC5165298,3,45.530825
gUNC5166570,3,45.619525
gUNC5178113,3,46.448781
gUNC5194701,3,47.60838
gUNC5208223,3,48.520386
gUNC5236692,3,50.346408
gUNC5261264,3,52.068714
gUNC5287977,3,53.796759
gUNC5295127,3,54.305166
S6J032196596,3,54.822327
gUNC5318563,3,56.002782
gUNC5336362,3,57.382425
gUNC5340488,3,57.685127
SFT032312646,3,57.723573
gUNC5346073,3,58.108567
S6R032356494,3,58.819771
gUNCHS008823,3,59.23001
gUNC5359394,3,59.482151
gUNC5373318,3,61.12748
S6J032449077,3,61.134358
S6J032571692,3,64.199745
mJAX00525099,3,64.812432
S3C032620697,3,65.424862
mJAX00525416,3,66.115937
SFT032662274,3,66.464283
gUNC5435272,3,67.089807
gUNC5440607,3,67.524062
UNC5440607,3,67.524062
gUNCHS008973,3,68.72148
mbackupUNC030473223,3,71.847227
gJAX00108948,3,73.018011
gUNC5525340,3,73.649477
gUNC5532424,3,74.070783
SFH032991585,3,74.696948
gUNC5560335,3,75.978931
UNC5560335,3,75.978931
gUNCHS009090,3,76.756161
JAX00109308,3,77.820119
backupUNC030615251,3,78.501326
mbackupUNC030615251,3,78.501326
UNC5598889,3,78.705151
SS6033151917,3,78.705253
gJAX00527593,3,79.224778
gUNC5637295,3,81.203668
UNC5649841,3,82.100245
gUNCHS009192,3,82.747035
UNC030485727,3,82.959764
UNC5669462,3,83.482577
SAH033394051,3,84.758598
UNC5688280,3,84.949799
UNC5690039,3,85.05375
mUNC030135021,3,85.918826
gUNC5711888,3,86.813261
JAX00110025,3,87.364415
gUNCHS009315,3,87.660587
UNCHS009315,3,87.660587
gUNC5732520,3,88.762267
UNC5733646,3,88.977222
JAX00110148,3,89.015506
UNC5736210,3,89.261978
gJAX00110225,3,90.03957
JAX00110225,3,90.03957
JAX00529857,3,90.483401
gJAX00529985,3,91.770567
UNC5755533,3,92.050811
UNC5762510,3,92.718542
SS6033794184,3,94.761918
SS6033839129,3,95.885556
SFT033893264,3,97.238916
UNC5800029,3,97.253084
UNC5807613,3,97.753546
mUNC030674885,3,98.264071
S6R033964247,3,99.013492
UNC031303497,3,99.105672
S6Y033972444,3,99.218424
UNC5831385,3,99.786357
gJAX00531626,3,99.875163
SS6034009134,3,100.135668
SS6034009593,3,100.147153
gUNC5836999,3,100.264718
UNC5847715,3,101.005174
UNC5848474,3,101.061485
UNC5855250,3,101.518987
UNC5855546,3,101.536597
UNC5856401,3,101.590681
S6J034107260,3,102.588835
S6J034128520,3,103.120327
gUNC5883020,3,103.628902
JAX00111268,3,104.351719
mUNC030504743,3,105.331935
gUNCHS009717,3,105.655474
UNC030165183,3,105.950902
mbackupUNC031344859,3,106.390046
S6T034284628,3,107.02302
S6J034303255,3,107.488691
gUNC5923673,3,107.906181
gUNC5924294,3,107.953194
gUNC5933912,3,108.795833
mUNC5954963,3,110.423671
SFT034447601,3,111.097365
gUNC6002742,3,114.375109
SS6034626385,3,115.453298
gUNC6032774,3,116.362083
UNCHS009891,3,116.459011
gbackupUNC030187275,3,117.281444
mUNC030523155,3,119.76964
gUNC6086937,3,120.261404
B6_03-120369799-S,3,120.46053
mB6_03-120369799-S,3,120.46053
gUNC6098776,3,121.160893
UNC030194728,3,121.622041
gUNC6114888,3,122.205815
S3C034928154,3,122.997505
S3C034928156,3,122.997567
mUNC6132276,3,123.313663
SBC034941050,3,123.319906
SAH034955442,3,123.679708
mUNC6143652,3,123.967177
SAC034985723,3,124.436734
gJAX00536654,3,124.862422
UNC6208306,3,127.947788
gUNC6215314,3,128.424176
UNC6219668,3,128.79568
UNC6221860,3,128.966044
UNC6221985,3,128.975589
gUNC6222319,3,129.018474
UNC6222319,3,129.018474
UNC6222615,3,129.041723
UNC6225534,3,129.216313
S6Y035232901,3,130.616191
SSR035263141,3,131.284304
SSH035274752,3,131.574567
SSH035274975,3,131.580151
gUNC6264274,3,131.726159
SSR035282789,3,131.775486
SSR035282807,3,131.775938
SSR035282975,3,131.780159
SSR035282992,3,131.780567
gUNC6265372,3,131.780848
gUNC6265372b,3,131.780848
gJAX00113359,3,132.485364
S6J035325488,3,132.842967
gJAX00113456,3,133.754008
gUNC6309280,3,135.068309
D1H035703953,3,142.304602
gUNC6421327,3,142.344791
S2H035708819,3,142.42626
gUNC6450714,3,144.461123
S6J035852681,3,146.022796
gUNC6475139,3,146.079888
gUNC6478289,3,146.301446
gJAX00541929,3,149.006238
gJAX00541998,3,149.39768
gUNC6530830,3,150.304945
gUNC6544103,3,151.324485
mUNC6547782,3,151.653529
SSH036086655,3,151.872032
gUNC6570745,3,153.244209
gUNCHS010452,3,154.418164
gUNC6596659,3,155.113468
mUNC6606962,3,156.093462
S6J036281282,3,156.737696
gUNC6617899,3,157.099776
gUNC6649201,4,4.756222
SFR040193574,4,4.839367
mJAX00115551,4,5.435867
mUNC040002854,4,6.376626
gUNC6709591,4,9.418983
gUNC6760525,4,13.421708
gUNC6772759,4,14.333819
mUNC040484828,4,14.821683
gUNC6822655,4,18.137946
gUNCHS010808,4,21.16305
gUNC6896735,4,23.937087
gUNC6905295,4,24.639993
S2H041022378,4,25.559451
gUNC6921057,4,25.790171
mUNC040032262,4,26.604334
mUNC040390571,4,27.809481
gUNC6976496,4,29.418971
mbackupUNC040036735,4,30.292924
SFT041323072,4,33.07681
gUNCHS010961,4,33.497387
gUNC7035643,4,33.977539
gUNC7050195,4,35.308944
gJAX00117877,4,36.915566
gUNC7075573,4,37.730915
gJAX00548572,4,38.376189
mbackupUNC040051095,4,38.664065
gUNCHS011039,4,39.734909
mUNC7114925,4,40.759497
SS6041718475,4,42.961884
gUNC7129204,4,43.148936
SAJ041754242,4,43.856071
gJAX00549476,4,44.52009
mUNC7170328,4,45.950762
gUNCHS011178,4,46.546799
SBC041880461,4,47.011532
gUNC7186049,4,47.078638
UNC7198791,4,48.016693
gUNC7200671,4,48.276544
gUNC7205485,4,48.716499
mUNC041084362,4,49.679723
mJAX00118885,4,51.29759
S3C042109508,4,52.737705
S6J042147777,4,53.694441
S6J042168044,4,54.201111
S6Y042191713,4,54.792829
gUNC7283374,4,54.970808
gUNC7288237,4,55.339735
gUNC7300184,4,56.199815
gJAX00551855,4,57.235215
gUNC7322324,4,57.756547
gUNCHS011435,4,59.448999
S6Y042530203,4,63.173325
S3C042531961,4,63.217278
gUNC7370285,4,63.34439
gUNC7383428,4,64.315547
mUNC7391813,4,65.045604
mUNC041185462,4,65.692329
S6J042655196,4,66.298141
SBC042661161,4,66.447282
mUNC040401940,4,68.384237
gUNC7443378,4,69.115946
S2T042804384,4,70.027851
gUNC7467228,4,71.083298
gUNC7479389,4,72.026808
gJAX00120452,4,73.520506
mUNC7528789,4,76.290877
SFT043073624,4,76.758851
gUNC7543548,4,77.238625
gUNC7551931,4,77.753435
gUNC7565502,4,78.581875
gUNC7580591,4,79.740593
gUNC7591097,4,80.464589
gUNC7598588,4,80.994482
mbackupUNC040157393,4,81.905167
mJAX00555843,4,82.469092
S6J043337572,4,83.357551
S6J043436429,4,85.828967
gJAX00556703,4,86.158115
gUNC7677604,4,87.037074
SBT043527032,4,88.094057
gUNC7722464,4,90.866354
B10040091345,4,91.234065
gUNC7746435,4,92.827469
gUNC7754999,4,93.5343
SFT043758697,4,93.855664
S6J043909105,4,97.615862
gUNC7815041,4,98.621195
SFT044029681,4,100.599245
gUNC7852981,4,101.404151
gJAX00122682,4,103.293679
mbackupUNC040545931,4,104.767136
gJAX00122831,4,105.302788
SBT044264560,4,106.471199
mUNC7939797,4,107.644585
gUNC7953854,4,108.834618
S6Y044374759,4,109.226193
gJAX00561819,4,109.347074
gUNC7966272,4,110.201744
gUNC7975969,4,111.223569
S6Y044461889,4,111.404438
gUNCHS012429,4,111.509412
mbackupUNC040653449,4,114.397065
mUNC040260326,4,114.915483
gUNC8040300,4,115.823641
B10040117767,4,117.625002
gUNC8096793,4,120.327301
SFT045034977,4,125.76823
gUNC8158630,4,125.820187
gUNC8165193,4,126.329133
SFT045112038,4,127.694752
S1L045151423,4,128.679382
gJAX00124567,4,129.517208
B10040131202,4,130.930094
gJAX00567286,4,133.738756
S6H045383934,4,134.325683
S6H045478139,4,136.68081
SAH045482141,4,136.780859
gUNC8308485,4,136.787522
ST2045553443,4,138.563406
SAH045580624,4,139.242919
SFT045612173,4,140.031655
S6T045628586,4,140.441963
S3C045659529,4,141.21555
gUNC8380344,4,141.691508
S3N045698174,4,142.181682
S2T045699915,4,142.224453
UNCHS013166,4,142.718074
mUNC8397172,4,143.022676
mUNC041634270,4,144.92115
mUNC040357800,4,148.393345
S6J045946472,4,148.746279
gJAX00570373,4,149.410271
SFH046041856,4,151.130857
S6J046095085,4,152.461582
gUNC8478387,4,152.483908
gUNC8490992,4,153.140369
gUNC8519564,4,154.961082
gUNC8536472,4,156.144408
gUNC8538182,4,156.248627
mUNC050000078,5,3.210082
mUNC050443053,5,4.362526
mbackupUNC050316601,5,5.017351
gUNC8594535,5,7.568518
gUNC8637633,5,12.038133
mUNC050320016,5,13.78147
backupUNC050029531,5,16.813486
gUNCHS013549,5,17.048914
S6J050685107,5,17.332693
gUNC8734617,5,19.253883
mbackupUNC050044412,5,21.001341
gUNC8767041,5,21.593917
ST2050898867,5,22.676695
S3N050967758,5,24.398956
gUNC8812264,5,24.627897
gUNC8816497,5,25.00913
gUNC8825065,5,25.574449
gUNC8834177,5,26.405511
gUNC8852133,5,27.588063
gUNCHS013803,5,29.505988
gUNC8884202,5,30.167466
gJAX00128535,5,32.477262
UNCHS013958,5,34.801896
gbackupUNC050328531,5,34.985547
gUNCHS014010,5,36.034217
gUNC9005338,5,39.630531
mUNC9036507,5,41.968241
gUNCHS014164,5,42.3357
SSH051911348,5,47.941045
gUNC9142259,5,49.489499
SAH052029235,5,50.888217
mbackupUNC050100821,5,51.039725
gUNC9173622,5,51.714233
S6J052074566,5,52.021493
gUNC9177947,5,52.111787
UNC9186153,5,52.694846
SS6052101881,5,52.704369
UNC9187011,5,52.749342
gUNC9188232,5,52.831547
UNC9188232,5,52.831547
UNC9188989,5,52.87296
SS6052112351,5,52.966122
SS6052131498,5,53.444812
UNC9201031,5,53.769188
gJAX00582803,5,54.09751
UNC9210368,5,54.548272
S6J052176430,5,54.568095
gUNCHS014424,5,54.74769
JAX00582948,5,54.868737
gUNC9215457,5,54.946559
UNC9217163,5,55.063923
gJAX00130262,5,55.568997
JAX00130262,5,55.568997
gUNC050977354,5,57.25622
gUNC9260127,5,58.448017
gUNC9283770,5,60.1058
UNC9292055,5,60.734228
gJAX00583968,5,61.724992
JAX00583968,5,61.724992
SS6052470923,5,61.930441
UNC9309125,5,62.15547
gUNC9315818,5,62.720619
JAX00584163,5,63.008642
SS6052522144,5,63.210961
mUNC9323394,5,63.336097
UNC9323394,5,63.336097
UNC9325489,5,63.512382
UNC9330658,5,63.941641
SS6052559814,5,64.152708
SS6052568396,5,64.367254
JAX00130937,5,64.588104
UNC9341104,5,64.691855
SS6052588744,5,64.875959
gJAX00130999,5,65.41512
S6T052699463,5,67.643924
gUNC050470895,5,68.728784
gUNC9426686,5,71.048556
gJAX00131489,5,71.938384
S3H052874699,5,72.02483
S2T052911947,5,72.956039
S3H052942721,5,73.725371
S1H052945805,5,73.802485
mbackupUNC050383757,5,73.885427
gUNC9489781,5,75.8704
SBC053028723,5,75.878749
mJAX00586747,5,77.949665
S3H053156575,5,79.062234
gUNC9537526,5,79.271725
S3H053194829,5,80.018578
S3H053198479,5,80.109833
gJAX00132181,5,81.120766
gUNC9566561,5,81.47812
gUNC9575602,5,82.281721
mUNC9578607,5,82.508845
S6R053314276,5,83.004751
gUNC9602650,5,84.590026
mUNC050135252,5,84.810514
UNC9614549,5,85.925163
gUNC9617590,5,86.260668
gICR1649,5,86.817212
gUNC9643125,5,88.636202
S6N053627282,5,90.829924
mUNC9688042,5,91.922511
S6R053717161,5,93.076896
gUNCHS014973,5,93.14235
gUNC9719635,5,96.722803
D6J053987399,5,99.832849
gUNC9789865,5,101.536575
UNC9792580,5,101.718555
SX1054064359,5,101.756841
UNC9793754,5,101.802088
gUNC9794097,5,101.828098
gUNC9810514,5,102.77184
UNC9810514,5,102.77184
SX1054135184,5,103.527475
S3H054135965,5,103.547
gJAX00590375,5,103.557279
SX1054141419,5,103.683344
S3H054168187,5,104.352559
SAC054176782,5,104.567427
S3H054218998,5,105.622821
gJAX00133933,5,106.526658
JAX00591127,5,106.785914
gUNC9867296,5,107.029988
mUNC_rs32050737,5,107.842537
mUNC050171568,5,108.130221
JAX00134078,5,108.465165
UNC9882519,5,108.513077
SX1054407728,5,110.341074
mUNC050179659,5,111.206739
gUNC9954237,5,114.485785
gUNC9959892,5,114.86126
S6Y054610903,5,115.410653
S6H054624625,5,115.753707
SFT054651738,5,116.431521
UNC9982516,5,116.602123
SFT054660019,5,116.638552
gUNC10001966,5,117.891086
UNCHS015602,5,119.005732
backupUNC050199022,5,120.01885
mUNC10042970,5,121.349803
gUNCHS015692,5,122.308575
SBC054902060,5,122.689583
gJAX00135217,5,123.661227
gJAX00135233,5,123.857776
mUNC10087262,5,125.292247
gUNC10126765,5,127.751872
S3C055110997,5,127.852
gUNCHS015882,5,128.487214
mbackupUNC050223582,5,131.569875
mUNC050224390,5,132.34681
gUNC10210466,5,133.184656
gUNC10229495,5,134.521135
gUNC10244622,5,135.625618
gUNC10257595,5,136.731048
S6Y055484508,5,137.141556
gUNC10275549,5,138.187745
mUNC10309430,5,140.700168
gJAX00600378,5,144.795543
gUNC10405837,5,147.926341
gJAX00601393,5,149.391322
S6H055993194,5,149.753325
SAC056009450,5,150.159716
gUNC10448854,5,150.33482
gUNC10471744,6,4.027496
gUNC10480326,6,4.827043
gUNC10491637,6,5.704731
S2H060241266,6,6.031672
mUNC10504063,6,6.547422
gUNCHS016450,6,7.530134
mUNC10545187,6,9.532883
S2H060401862,6,10.046568
gUNC10552000,6,10.278539
S3J060427909,6,10.697731
gUNC10567608,6,11.821309
gUNC10589014,6,13.389523
gUNC10595065,6,13.919412
mJAX00138175,6,14.788663
gUNC10631299,6,17.012041
gUNC10673633,6,19.77178
gJAX00604459,6,20.073432
mUNC060056332,6,20.635943
gUNC10695691,6,21.366534
gUNC10710811,6,22.404623
gUNC10732198,6,23.950858
gUNC10741265,6,24.669706
SFH061047175,6,26.179376
gUNC10765619,6,26.387688
gUNC10789662,6,28.309266
gUNC10869844,6,35.11522
gbackupUNC060363218,6,35.92092
gUNC10882704,6,36.182181
gJAX00607352,6,37.173874
gUNC10903383,6,37.699347
mUNC10921060,6,39.395617
SBR061598665,6,39.943563
B6_rs30314218,6,40.056272
gUNC10940788,6,41.156169
gUNC10951129,6,42.055881
gJAX00608524,6,44.925678
gUNC10995658,6,45.371046
gUNC11005309,6,45.998051
S6J062005622,6,50.11754
gUNC11058438,6,50.370606
gUNC11078268,6,51.650794
mUNC060377743,6,52.532432
gUNCHS017378,6,53.288731
gUNC11123637,6,55.086031
gUNC11128971,6,55.482733
mUNC060379499,6,56.086322
mUNC060379499b,6,56.086322
gUNC11150827,6,56.928504
gUNC11164825,6,58.247482
gUNCHS017489,6,59.326579
mbackupJAX00611376,6,59.401008
gUNC11188169,6,60.564558
S6J062459709,6,61.469717
gUNC11225314,6,63.36847
gJAX00141846,6,64.054613
mUNC11242349,6,64.61989
mJAX00612125,6,65.250467
gUNC11256500,6,65.871403
gUNC11274880,6,67.419888
mUNC060508303,6,70.76754
S6J062852014,6,71.277352
backupUNC060640434,6,72.563666
gbackupUNC060640434,6,72.563666
gUNC11360077,6,73.399981
gJAX00613852,6,73.786646
gUNC11399687,6,76.04343
UNC11408294,6,76.546002
gUNC11421125,6,77.477548
gUNC11431336,6,78.114467
gUNC11441540,6,78.749
gUNC11449280,6,79.46795
SFT063240234,6,80.982853
gJAX00143111,6,81.025573
mUNC11500109,6,83.148052
mUNC060135143,6,84.525157
mUNC060135212,6,84.872131
mUNC11523350,6,85.63034
gUNC11544380,6,87.499273
gUNCHS018013,6,88.703844
gUNC11564970,6,89.144236
gUNC11567769,6,89.535453
SFT063680717,6,91.994913
gUNC11596384,6,92.556965
gUNC11641013,6,95.538178
gbackupUNC060392916,6,96.278207
mbackupUNC060149691,6,96.991399
gUNC11669759,6,97.693736
gUNC11689097,6,99.418577
gUNC11699511,6,100.176432
mUNC060150606,6,101.022334
gUNC11740270,6,102.930554
gUNC11752798,6,103.703999
gUNC11769656,6,105.155135
gUNC11802454,6,107.713962
gUNC11813639,6,108.536858
S3N064388763,6,109.696058
mUNC11834106,6,109.960717
gUNC11850399,6,111.037274
S1H064449266,6,111.208626
gUNC11866416,6,112.121073
gUNCHS018580,6,112.473162
gUNC11882717,6,113.275533
gUNC11888607,6,113.777021
mJAX00623083,6,115.00449
gUNC11909297,6,115.682557
gUNC11925414,6,116.99795
S2H064732280,6,118.283969
S6Y064745300,6,118.609471
S6Y064745303,6,118.609538
S6H064759095,6,118.954341
gUNC11964864,6,119.905789
S6H064844780,6,121.096462
gUNC11989670,6,122.0804
gUNC11992847,6,122.406269
mJAX00146293,6,123.868538
gUNC12029449,6,126.010452
gUNC12051017,6,127.725153
gUNC12071048,6,129.111247
S6T065256784,6,131.396581
SFT065299536,6,132.465368
gUNC12120757,6,133.041097
gUNC12124616,6,133.34716
gUNC12130510,6,133.913633
SSR065377369,6,134.411197
SSH065385406,6,134.612123
gUNC12143315,6,134.634351
S6T065447044,6,136.15311
gUNC12197718,6,137.814094
gUNC12205316,6,138.309893
gUNC12213911,6,138.968573
gUNC12228124,6,139.784695
SFT065601790,6,139.9905
SFT065654580,6,141.310245
gJAX00147625,6,141.682061
S2H065761690,6,143.98798
gUNC12295618,6,144.267763
S6J065910866,6,147.673158
mUNC12359286,6,148.545996
gJAX00630924,6,148.829274
SBT070125779,7,3.194329
SBJ070125933,7,3.19818
SBT070127390,7,3.234381
SBJ070127987,7,3.248368
SBJ070132448,7,3.359718
SBJ070133596,7,3.38844
SBJ070134822,7,3.419066
SBJ070134853,7,3.419842
SBJ070145110,7,3.630751
SBJ070145899,7,3.650484
gUNC12372829,7,3.652039
SBT070146680,7,3.670009
SBJ070146690,7,3.670262
gJAX00190001,7,4.353872
SBT070189898,7,4.750454
SBJ070190060,7,4.754502
SBT070190289,7,4.760244
SBJ070195041,7,4.879042
S6J070258813,7,6.473345
gUNC12400258,7,6.680333
S6Y070275621,7,6.893525
S3N070284682,7,7.120053
UNCHS019452,7,10.103391
mbackupUNC070619888,7,11.435439
gUNC12422348,7,12.21131
gUNCHS019472,7,12.775433
SBT070523467,7,12.820625
SBT070525231,7,12.864711
SBT070530495,7,12.996316
SBT070530772,7,13.003247
mUNC070621878,7,15.644575
SBT070637398,7,15.668875
gUNC12460972,7,16.89308
gJAX00632646,7,17.373421
S6T070767108,7,18.911634
S3C070778871,7,19.205713
gJAX00633185,7,19.776323
SSR070964701,7,23.81697
gUNCHS019547,7,23.985992
SBR070973809,7,24.044669
gJAX00633649,7,25.277337
gJAX00633760,7,26.251323
SFT071106644,7,27.365549
backupUNC070627737,7,27.741229
gUNC12556892,7,29.084708
gUNCHS019637,7,30.131822
UNC12577238,7,30.522584
SS6071243138,7,30.777877
gJAX00634830,7,31.056617
mJAX00150020,7,33.892519
S6J071371768,7,33.993634
UNC12602224,7,34.303246
SS6071388190,7,34.404187
SFT071400353,7,34.708254
ST2071424946,7,35.323095
ST2071443995,7,35.799306
ST2071445034,7,35.825296
SX1071447990,7,35.899187
ST2071452643,7,36.015511
ST2071454182,7,36.053978
UNC12632852,7,36.192647
S2H071472451,7,36.510713
UNC12643987,7,36.861307
mUNC12649074,7,37.173636
JAX00636482,7,39.192768
SS6071602326,7,39.70758
gJAX00150542,7,41.596399
gJAX00637020,7,42.601375
gUNC12709504,7,43.284122
gUNC12711275,7,43.466126
SAH071783312,7,44.232229
SX1071791093,7,44.426764
gUNC12731598,7,45.225096
SX1071958202,7,48.604799
gUNC12786478,7,48.637484
SX1071959708,7,48.64246
gUNCHS019932,7,49.098862
SX1071986587,7,49.314433
mUNC070500524,7,50.810197
SX1072068249,7,51.355985
SX1072069822,7,51.395312
gUNC12854618,7,52.93249
gUNC12873458,7,53.913312
S6J072200915,7,54.672647
SFR072213328,7,54.982968
gUNCHS020003,7,54.994599
SX1072219924,7,55.147872
SX1072232531,7,55.463041
S2T072271903,7,56.447337
mUNC070217623,7,57.092189
gUNC12930484,7,57.682694
SX1072324560,7,57.763759
SAH072439371,7,60.634033
mJAX00151985,7,61.472787
S6J072489609,7,61.889973
SBT072492225,7,61.955387
gUNCHS020098,7,62.544914
gUNC12986262,7,63.220198
S6J072575000,7,64.024757
gUNC12998908,7,64.176396
backupJAX00641493,7,64.222433
BCC072620402,7,65.159839
mUNC070517053,7,65.506585
SX1072638562,7,65.613808
gUNCHS020162,7,65.787087
gJAX00641895,7,65.993056
SX1072670356,7,66.408662
S6J072677510,7,66.587517
mUNC13036158,7,66.692419
SX1072709435,7,67.385645
SX1072714427,7,67.51043
mJAX00642310,7,67.731071
SBT072729469,7,67.886476
gUNC13076624,7,69.761274
gUNC13090495,7,70.825908
mUNC070320079,7,73.859936
gUNC13158239,7,75.418192
SAH073042490,7,75.712009
S6R073044855,7,75.771144
S6J073089621,7,76.890275
gUNC13202249,7,78.74068
SX1073164756,7,78.768672
mJAX00153376,7,80.036241
gUNCHS020429,7,80.392814
mJAX00645215,7,81.573205
mUNC13250985,7,82.610261
SFT073361149,7,83.677944
mJAX00153722,7,84.635733
gJAX00153780,7,85.468348
S6Y073462201,7,86.204234
gUNC13324767,7,88.438884
ST2073572206,7,88.954382
gUNCHS020605,7,88.98034
SS1073583687,7,89.241393
ST2073589975,7,89.398607
SS1073613162,7,89.978265
gUNC13354082,7,90.78824
gUNC13380176,7,92.649328
SFT073781347,7,94.182906
mUNC070366427,7,94.604623
S2R073811339,7,94.932694
SFC073856592,7,96.064008
gUNC13446795,7,97.528537
gUNCHS020792,7,98.458386
S1H073960130,7,98.652477
mJAX00649287,7,101.911574
S6H074153127,7,103.477386
DSB074153749,7,103.492932
gJAX00155180,7,104.129802
mUNC13548497,7,105.087654
S6J074222072,7,105.201026
gUNC13554698,7,106.075508
gUNC13568970,7,107.201125
mbackupUNC070399178,7,107.212312
gUNC13575506,7,107.711358
gUNC13593219,7,109.094927
mUNC070683191,7,109.87956
gJAX00155663,7,110.789176
SS1074564579,7,113.713717
gUNC13666424,7,114.68362
SFT074620715,7,115.117115
backupJAX00155998,7,115.27603
backupUNC070738764,7,115.716967
gbackupUNC070738764,7,115.716967
SSH074661028,7,116.124942
gUNC13682685,7,116.157732
mUNC070427068,7,117.365595
UNC13702326,7,117.430909
S2T074713370,7,117.433496
UNC13704478,7,117.553069
UNC13707837,7,117.806309
gUNC13709012,7,117.912513
UNC13709012,7,117.912513
UNC13710166,7,117.979407
JAX00652846,7,117.985237
UNC13711577,7,118.059986
UNC13714177,7,118.190259
UNC13715322,7,118.266932
UNC13718766,7,118.463223
JAX00156239,7,118.472842
UNC13719930,7,118.528599
S3C074758538,7,118.562693
UNC13722021,7,118.671855
gUNC13723665,7,118.815431
UNC13725957,7,118.976712
gJAX00156302,7,119.303617
JAX00156302,7,119.303617
UNC13733059,7,119.696125
gUNC13734325,7,119.791742
SFT074810521,7,119.862263
gUNC13741625,7,120.558494
ST2074876361,7,121.508263
gUNCHS021434,7,122.898401
ST2075001712,7,124.642024
gUNC13789085,7,124.682534
S6J075004746,7,124.717832
UNC13792351,7,124.908878
UNC13800390,7,125.68457
gUNC13800900,7,125.762277
UNC13802208,7,125.899258
S6R075068618,7,126.314635
UNC13806960,7,126.421406
S6J075080546,7,126.612838
UNC13811649,7,126.904579
UNC13816259,7,127.481783
UNC13825909,7,128.34357
UNC13829668,7,128.553222
UNC13837035,7,128.959563
UNC13844829,7,129.403673
gUNC13847409,7,129.56256
UNC13870436,7,131.223223
gUNC13871220,7,131.279155
UNC13888519,7,132.426454
UNC13891624,7,132.713794
UNC13893173,7,132.82465
UNC13896788,7,133.061392
mUNC13899375,7,133.251587
UNC13900625,7,133.357916
UNC13902381,7,133.48306
JAX00656658,7,133.506004
gUNC13903025,7,133.537952
UNC13903025,7,133.537952
UNC13906967,7,133.803595
UNC13908981,7,133.961946
UNC13909527,7,133.996741
UNC13910242,7,134.03733
UNC13910491,7,134.065367
UNC13911158,7,134.109498
UNC13912073,7,134.175588
UNC13912308,7,134.188079
UNC070580996,7,134.287218
gJAX00157459,7,134.684853
gUNCHS021796,7,135.75792
gUNC13950386,7,136.867707
gJAX00157670,7,137.508459
ST2075558913,7,138.574574
gUNC13980835,7,138.602814
mUNC13982472,7,138.710907
ST2075570530,7,138.843175
gUNC14022222,7,141.93788
mJAX00659337,8,3.731569
gUNCHS022077,8,4.521064
mbackupJAX00158395,8,5.348832
gCEAJAX00659602,8,5.831389
gUNC14112858,8,8.222259
S6J080328477,8,8.261944
gUNC14122889,8,8.912519
gUNC14126852,8,9.211734
gUNC14135137,8,9.773288
S6J080406325,8,10.208131
mUNC14168225,8,11.964035
S6J080525021,8,13.175528
gUNC14186755,8,13.204463
gbackupUNC080049517,8,13.477078
gUNC14265056,8,17.998204
gUNCHS022336,8,18.177506
mUNC080079721,8,22.624572
B10080022967,8,23.457516
S1H080954574,8,24.354378
gUNC14326048,8,24.821499
gUNC14352420,8,26.833357
gUNC14367766,8,27.907179
mJAX00160113,8,29.525507
S6J081163883,8,29.587103
UNCHS022552,8,31.625075
gUNC14435241,8,32.435184
gUNC14452078,8,33.479138
SFR081399351,8,35.450942
gUNC14594083,8,42.36089
S3R081717939,8,43.40152
gUNC14610469,8,43.458499
gUNC14617468,8,43.886125
gJAX00161292,8,45.21298
gUNC14638649,8,45.579075
SSH081869830,8,47.198796
JAX00667947,8,48.461202
gUNC14690114,8,48.957516
mUNC14704032,8,50.092851
SFT081991160,8,50.232052
SSR082054504,8,51.815641
gJAX00161916,8,53.53249
S6J082154797,8,54.322973
B10080055779,8,56.232918
gUNC14782827,8,56.328576
gUNC14802833,8,58.043169
gUNC14807497,8,58.350081
gUNC14811572,8,58.614454
gUNC14814774,8,58.865668
gUNC14841376,8,60.779979
S1J082456011,8,61.853317
gUNCHS023084,8,62.092476
gUNC14919510,8,66.514446
mUNC080596606,8,67.366095
mJAX00671437,8,68.79613
gUNC14954961,8,69.094962
mJAX00671748,8,70.420029
SAH082805984,8,70.602254
gUNC14975151,8,71.393787
gUNC14993552,8,73.948515
S6T082984558,8,75.340585
gJAX00163528,8,75.643046
SAH082998569,8,75.690861
gUNC15031493,8,77.395694
mUNC080274180,8,77.602097
mUNC080274180b,8,77.602097
SX1083099172,8,78.20595
gUNC15047570,8,78.455397
gUNC15050525,8,78.650545
gUNC15051586,8,78.700156
UNC15053887,8,78.834206
gUNC15054864,8,78.895758
SX1083138170,8,79.180898
gUNC15089685,8,81.652479
SFH083301704,8,83.269238
S6T083317095,8,83.654014
gJAX00674531,8,85.483653
gUNC15150708,8,86.190203
gJAX00164358,8,86.74413
SFH083446336,8,86.885049
gUNC15169378,8,87.557378
UNCHS023653,8,87.602742
gUNCHS023667,8,88.015191
S3C083510605,8,88.491759
mUNC080521812,8,89.012263
UNC15270153,8,94.064059
UNC15286766,8,95.293964
S6J083818594,8,96.191481
S1H083826428,8,96.387338
gUNC15311561,8,97.413745
S3J083934130,8,99.079891
gUNC15363342,8,100.939895
B10080102623,8,103.350229
gUNC15407603,8,103.885522
gUNC15429081,8,105.671468
gUNC15434530,8,106.244429
S6J084270812,8,107.496941
gJAX00165953,8,107.97768
gUNCHS024142,8,108.632837
SBJ084357244,8,109.657734
gUNC15491356,8,111.296895
gUNC15494386,8,111.730211
gUNC15499741,8,112.337179
gUNC15505417,8,112.731649
UNC15509422,8,112.974066
gUNC15510412,8,113.046671
UNC15511451,8,113.120079
UNC15515810,8,113.442997
gUNC15518743,8,113.705079
UNC15521980,8,113.965143
UNC15522114,8,113.982684
gUNC15524007,8,114.124856
gUNC15527048,8,114.342677
gUNC15527593,8,114.374667
gUNC15533516,8,114.760786
gUNCHS024266,8,114.900693
gUNC15537918,8,115.006442
gUNC15544844,8,115.368767
mUNC15546530,8,115.474536
mUNC15546530b,8,115.474536
gUNC15550042,8,115.675846
gUNC15560835,8,116.396923
S3R084640247,8,116.732938
B10080116108,8,116.834967
gUNC15567070,8,116.845926
S1H084653043,8,117.052831
gUNC15598756,8,118.837804
gUNC15611317,8,119.690637
gUNC15624911,8,120.568586
gUNC15650229,8,122.469523
UNC15651643,8,122.535735
UNC15653414,8,122.628194
S6T084886621,8,122.892273
gUNC15658760,8,122.927491
gUNC15667636,8,123.55831
SBC084932507,8,124.039425
gUNC15674177,8,124.072091
UNC15681657,8,124.673705
UNC15682981,8,124.775809
SX1084966861,8,124.898279
SX1084966996,8,124.901663
mUNC15693202,8,125.28612
S6J084994465,8,125.588378
SAH084996621,8,125.642278
S3C085019825,8,126.222388
mUNC15714179,8,126.686437
mUNC15722763,8,127.184249
gUNC15729350,8,127.747334
gUNC15747739,8,129.237298
UNC15748820,8,129.327836
mJAX00167632,9,3.582987
gJAX00167690,9,4.37413
gUNC15778680,9,5.768864
gUNC15788606,9,6.399613
UNC15809310,9,8.306922
gJAX00168049,9,9.261081
gUNC15835273,9,10.353289
gUNC15840513,9,10.818675
gUNC15849627,9,11.602495
gUNC15853462,9,12.018067
mJAX00168342,9,13.135799
gUNC15872990,9,14.205163
gJAX00686257,9,15.220569
mbackupJAX00686383,9,15.910562
S6J090641250,9,15.94257
SFC090665613,9,16.551636
mbackupUNC090017527,9,17.750414
gICR1940,9,18.889469
gUNC15954014,9,20.201112
gUNC15960476,9,20.710776
S6J090858005,9,21.361438
gUNC15991874,9,23.28331
gUNC15995608,9,23.533137
gUNC16008744,9,24.352921
SFT091025179,9,25.540776
gUNC16054540,9,28.094311
S6J091131951,9,28.210082
gJAX00169489,9,28.627342
gUNC16063700,9,28.748094
SFH091162154,9,28.96515
gUNC16094003,9,30.991907
gUNC16101351,9,31.595022
gUNCHS025042,9,31.986706
S2T091299856,9,32.40772
gUNC16116138,9,32.682629
gUNC16136209,9,34.042648
mUNC16149306,9,34.977748
gUNC16154080,9,35.371956
gUNC16160978,9,36.113348
gUNC16173150,9,37.178757
B10090038051,9,37.963134
gUNCHS025158,9,38.217132
mUNC090043639,9,38.52397
mUNC16203872,9,39.405233
gUNC16247047,9,42.442484
mUNC090529188,9,44.283884
gUNC16281800,9,45.174964
gUNCHS025347,9,46.123472
SSH091867676,9,46.603207
SFT091879460,9,46.89782
gUNC16312750,9,47.781953
gUNC16324529,9,48.494758
gUNC16330958,9,49.040128
S3N091972749,9,49.230046
SBT091973320,9,49.244324
mUNC16339635,9,49.818165
gUNC16358637,9,51.491908
gUNC16391640,9,54.220316
gUNC16400148,9,54.952979
gUNC16417316,9,56.605941
gUNC16424723,9,57.264867
gUNC16429215,9,57.728875
gUNCHS025754,9,58.743539
gUNC16450609,9,59.597734
SSH092408190,9,60.112038
gUNC16462457,9,60.540569
SBC092493412,9,62.242606
gJAX00696387,9,63.643579
gUNCHS025997,9,65.249854
mJAX00172302,9,66.210352
S1H092865440,9,71.543299
mUNC090141582,9,72.486218
gUNC16618214,9,72.857248
gUNC16634905,9,73.941468
SAC093023725,9,75.500424
gUNC16664415,9,76.262385
SSH093063473,9,76.494112
gUNCHS026367,9,77.132428
gUNC16685881,9,77.837225
mUNC090455169,9,81.811996
gJAX00173604,9,83.660878
gUNC16774508,9,84.11751
gUNC16784014,9,84.911786
gUNCHS026514,9,85.610134
gUNC16803490,9,86.209082
gUNC16819132,9,87.320175
gUNC16827753,9,87.990719
mJAX00174033,9,89.453841
UNCHS026625,9,90.668948
gUNC16853991,9,90.711993
S6J093656703,9,91.299628
gUNCHS026633,9,91.471796
SFT093763581,9,93.971582
gUNC16900598,9,94.155234
S6Y093806293,9,95.039393
gUNC16942982,9,97.186776
gUNC16950294,9,97.69798
mbackupUNC090358884,9,98.806023
UNC16977752,9,99.77316
SX1094010835,9,100.152928
gUNC16986266,9,100.290391
gUNC17023585,9,103.24784
gJAX00175225,9,105.296167
gUNC17067053,9,105.749538
S6T094264891,9,106.499478
S6J094284048,9,106.978416
S6T094303285,9,107.459342
S6Y094304821,9,107.497737
gUNC17090740,9,107.854248
gUNCHS027093,9,108.048594
gUNC17110506,9,110.040219
gUNC17114915,9,110.489496
gJAX00705519,9,111.368608
gUNCHS027227,9,114.56938
mJAX00176117,9,117.212592
SAC094727434,9,118.014923
S6J094800676,9,119.845973
S3N094839317,9,120.812012
gJAX00176453,9,121.678469
S3C094905310,9,122.461822
gICR258,10,3.744077
SAH100169934,10,4.198359
SBC100276216,10,6.855412
mUNC17374593,10,7.830589
mUNC100012363,10,9.086379
SX1100373661,10,9.217286
gUNC17397568,10,9.285328
S3N100381453,10,9.412084
backupUNC100196659,10,11.049701
gUNC17428823,10,11.838245
UNC17433685,10,12.222931
mbackuprs33542876,10,12.324029
SBC100504690,10,12.493004
SSH100517784,10,12.820358
UNC17445798,10,12.94118
S6Y100524366,10,12.984906
UNC17454054,10,13.551538
UNC17458403,10,13.808582
gUNCHS027545,10,13.813105
SSH100574268,10,14.232468
SSH100576401,10,14.285787
SSH100578611,10,14.341026
S2R100601366,10,14.909916
gUNC17501046,10,17.175343
S6J100721919,10,17.92374
gUNC17524396,10,18.819062
gUNC17538101,10,19.804245
mJAX00015566,10,19.830943
mbackupJAX00285124,10,23.503871
ST2100945711,10,23.518677
ST2100952917,10,23.69884
ST2100955596,10,23.765814
S2R100998286,10,24.833059
UNC17615761,10,25.578102
gUNC17619183,10,25.858612
gUNC17645528,10,27.625868
UNC17654311,10,28.269374
JAX00016193,10,28.286662
UNC17659382,10,28.630591
UNC17661687,10,28.772345
UNC17662729,10,28.858192
UNC17665329,10,29.069469
ST2101169003,10,29.101091
gUNC17665798,10,29.101554
UNC17665798,10,29.101554
gUNC17671522,10,29.546901
gJAX00286489,10,30.422952
backupJAX00016442,10,31.594839
gUNC17699722,10,31.937888
gUNC17705907,10,32.417043
gbackupUNC100621301,10,34.053106
mUNC17738774,10,34.974055
gJAX00016725,10,35.36952
gUNC17754639,10,36.23774
mJAX00287250,10,36.86576
S2J101562042,10,38.927058
UNC17807224,10,40.182739
gUNC17824923,10,41.613289
UNC17824923,10,41.613289
UNC17827232,10,41.868603
gUNC17830056,10,42.037348
UNC17831450,10,42.120093
ST2101700623,10,42.39158
JAX00288153,10,42.881581
gUNC17844155,10,43.03832
JAX00017325,10,43.409947
JAX00288334,10,43.993134
gJAX00017394,10,44.328746
UNC17865669,10,44.731188
UNC17866985,10,44.837427
B10100045668,10,45.544711
gUNC17881513,10,45.833631
gbackupJAX00288802,10,47.011814
gbackupJAX00017686,10,48.352912
gbackupJAX00017686b,10,48.352912
ST2101946616,10,48.5415
mbackupUNC100059055,10,48.576921
gUNC17926662,10,49.176886
gUNC17926662b,10,49.176886
gUNC17935737,10,49.930306
gUNC17936006,10,49.95557
gUNC17940826,10,50.311695
gUNC17943756,10,50.612704
gJAX00289411,10,51.835234
gUNC17964718,10,52.501503
mbackupJAX00289573,10,52.882903
gUNC17988030,10,54.47179
mbackupJAX00018167,10,54.84734
gUNC18003112,10,55.753081
gJAX00290057,10,56.510408
SSR102265373,10,56.510431
SSR102274860,10,56.747601
SSR102275149,10,56.754832
S6J102311553,10,57.66493
gUNC18048671,10,59.732069
gUNC18061716,10,60.73718
gUNC18067330,10,61.186147
UNC18090723,10,63.048819
gUNC18091775,10,63.199561
UNC18093847,10,63.342347
UNC18095276,10,63.461421
backupJAX00290965,10,63.571895
JAX00018803,10,63.660971
JAX00018805,10,63.661509
UNC18097690,10,63.664389
gJAX00290978,10,63.721847
UNC100067000,10,63.769298
UNC18103051,10,64.068692
JAX00291022,10,64.085301
UNC18103560,10,64.110981
UNC18103943,10,64.159024
UNC18104900,10,64.242515
UNC18105059,10,64.260382
UNC18105901,10,64.325787
UNC18106552,10,64.385801
UNC18106657,10,64.400388
UNC18107390,10,64.456561
UNC18109171,10,64.585226
UNC18110527,10,64.689069
UNC18111299,10,64.738131
JAX00291150,10,65.051578
JAX00018909,10,65.060876
UNC18117566,10,65.196674
gUNC18119184,10,65.314974
UNC18120441,10,65.398523
UNC18121717,10,65.488007
gUNC18126459,10,65.85875
SSR102657353,10,66.269621
UNC18140644,10,67.083964
UNC18143031,10,67.3006
UNC18147051,10,67.579048
UNC18147304,10,67.593716
S2H102744610,10,68.451089
mJAX00019348,10,70.942991
gJAX00292464r,10,71.328566
mUNC18211677,10,72.069297
S6J102889733,10,72.079173
gUNC18221643,10,72.992134
gUNC18223060,10,73.115621
S6J102991560,10,74.624847
UNCHS028724,10,75.49159
mUNC18261039,10,76.470561
gUNC18285714,10,78.349983
gbackupJAX00019938,10,78.807462
S6J103201949,10,79.884583
gUNCHS028850,10,80.357779
gJAX00020088,10,80.839603
S6J103332873,10,83.157711
mUNC18343515,10,84.537139
gUNCHS028975,10,86.306491
UNC18365890,10,86.540136
mUNC100218653,10,87.219709
S3J103501535,10,87.37426
gUNC18378272,10,87.560707
SFH103529327,10,88.069055
UNC18398171,10,89.252945
JAX00295486,10,89.476957
UNC18411040,10,90.115328
gUNC18418623,10,90.609427
gJAX00295932,10,91.628655
gUNC18434667,10,91.831036
S6J103692633,10,92.151708
S6Y103701321,10,92.368911
gUNCHS029114,10,92.517932
gUNC18446814,10,92.788071
mUNC18454335,10,93.31829
gUNC18486373,10,95.416737
mJAX00187391,10,96.708973
backupJAX00196449,10,97.759938
gJAX00196453r,10,97.981529
S3N104002026,10,99.886524
SFT104006729,10,100.004097
gJAX00021550,10,100.540792
gJAX00297380,10,101.441011
mUNC100117633,10,102.923006
gUNC18597320,10,103.218371
S1H104145850,10,103.482123
S2H104217985,10,105.285492
SAH104224990,10,105.460615
mUNC100122470,10,106.472629
gUNC18698193,10,109.748082
backupJAX00022240,10,109.761754
gUNC18720855,10,111.336867
gUNC18738548,10,112.58964
gUNC18763912,10,114.386196
S6J104602316,10,114.893829
gUNC18782578,10,115.617071
gUNC18792779,10,116.233096
gUNCHS029449,10,116.295795
S2H104725753,10,117.979747
gUNC18816027,10,117.987815
SAH104744965,10,118.460044
S1H104760665,10,118.85255
S6J104761552,10,118.874712
SAH104792791,10,119.655681
mUNC100133317,10,119.78457
gUNC18849001,10,120.129609
S6J104837990,10,120.785669
SAC104851763,10,121.129993
JAX00300733,10,121.873727
gUNC18880003,10,122.18195
gUNC18894265,10,123.041123
UNC18895806,10,123.121814
UNC18902328,10,123.516743
gUNC18902983,10,123.555277
backupUNC100137989,10,123.574499
UNC18906281,10,123.78692
JAX00301340,10,124.210397
JAX00301350,10,124.246396
gUNC18918911,10,124.732312
SAH105004857,10,124.957348
JAX00301558,10,125.332025
UNC18929859,10,125.350312
UNC18932894,10,125.503322
JAX00301652,10,125.589025
UNC18934764,10,125.612918
UNC18937360,10,125.784025
UNC18939302,10,125.917235
UNC18941352,10,126.032813
UNC18942859,10,126.129504
UNC18944007,10,126.189664
UNC18946937,10,126.349161
gUNC18953235,10,126.734734
S6J105101847,10,127.382051
UNC18962046,10,127.480125
UNC18962410,10,127.531811
mUNC100149177,10,127.570658
JAX00023603,10,127.989031
gUNCHS029561,10,128.40682
gUNC18984159,10,129.852347
mbackupUNC110000218,11,3.305458
gJAX00023857,11,4.089872
gUNC18998019,11,4.504799
S6J110191048,11,4.726222
gUNC19001887,11,4.943641
JAX00023924,11,4.980237
S6R110235582,11,5.839573
gUNC19009896,11,5.839655
mUNC19011884,11,6.10796
UNC19012419,11,6.19334
S6J110260176,11,6.454417
gUNC19016438,11,6.676469
gUNCHS029767,11,8.49491
S6J110389079,11,9.676978
gUNC19091580,11,11.76186
mbackupUNC110250267,11,13.285785
gUNC19129775,11,14.461309
gUNC19146014,11,15.474695
SAC110681675,11,16.991884
SBR110687040,11,17.126004
gUNC19195795,11,19.001614
gUNC19229155,11,21.293911
gUNC19233902,11,21.759592
gJAX00305978,11,24.086995
gUNC19270598,11,25.069663
gUNC19286670,11,26.395342
S6R111075831,11,26.84579
S3C111103720,11,27.54301
S3C111103723,11,27.543078
S1J111155995,11,28.849883
S3C111157061,11,28.876532
mJAX00025729,11,29.336788
gUNC19331691,11,30.10544
S6J111222088,11,30.502213
S6Y111267074,11,31.626865
UNC19363520,11,32.365288
SSH111311390,11,32.73476
gUNC19373228,11,33.25085
S6R111360378,11,33.959474
gUNC19402622,11,35.287276
mJAX00308021,11,35.824259
gUNC19425231,11,36.90589
gUNC19435196,11,37.699336
gUNCHS030365,11,38.294739
B10110039444,11,39.335137
gUNC19457326,11,39.510823
gUNC19470525,11,40.606799
gUNC19471656,11,40.728096
gJAX00308962,11,41.88983
S3R111707064,11,42.567431
B10110043520,11,43.411001
S3C111805292,11,45.023142
gUNC19543169,11,45.761758
mUNC19556773,11,46.648694
B10110047928,11,47.818952
gUNC19573614,11,47.870562
gUNC19574206,11,47.917045
gUNC19589852,11,49.516267
gUNC19595932,11,50.01628
gUNCHS030584,11,50.467896
B6JB6CCPLHD06,11,50.564404
gUNC19618247,11,51.517964
gJAX00027445,11,52.411135
gUNC19658019,11,54.796413
B10110055036,11,54.927069
S6J112266152,11,56.544645
S6J112282731,11,56.959106
S6T112297876,11,57.337727
SFR112374622,11,59.256382
gUNC19742275,11,60.433685
gJAX00028051,11,60.622814
SAC112436560,11,60.804847
gUNCHS031065,11,63.370166
gUNC19804131,11,64.908888
mbackuprs45995944,11,65.37644
mUNC19822163,11,66.147651
S6J112684967,11,67.015008
mUNC19852326,11,68.032298
S3N112730338,11,68.149298
gUNC110108213,11,71.761165
gUNCHS031291,11,72.570968
gUNC19907460,11,73.171181
gJAX00723506,11,74.088666
gUNC19922360,11,74.762621
mJAX00315437,11,75.001685
gJAX00029179,11,76.060673
S6J113080150,11,76.894588
gUNC19947670,11,77.065679
gUNC19949895,11,77.345887
gJAX00316000,11,78.997106
gUNC19974300,11,79.664147
gUNC19979260,11,80.084988
gUNC19985240,11,80.653649
gUNC19992265,11,81.141734
mUNC20006267,11,82.082796
gUNC20019373,11,82.955633
S6J113346640,11,83.556826
gUNC20028753,11,83.752661
S3C113361154,11,83.919684
UNC20031514,11,83.959652
UNC20034637,11,84.254684
gUNC20050848,11,86.023607
JAX00317237,11,86.445896
gUNC20057865,11,86.750788
gJAX00317347,11,87.22514
gUNC20068486,11,87.815584
gUNC20074772,11,88.228033
gUNC20074772b,11,88.228033
UNC20075505,11,88.293284
gJAX00317950,11,90.463478
gUNC20114197,11,90.833029
gUNC20139913,11,92.393278
SS6113728186,11,93.095491
UNC20151532,11,93.144837
UNC20152865,11,93.2261
UNC20153702,11,93.27322
gUNC20159487,11,93.616922
UNC20162579,11,93.85619
SS6113758754,11,93.85969
UNC20164313,11,94.009408
UNC20168317,11,94.34088
S6J113809621,11,95.131363
gUNC20186699,11,95.778756
S6H113847165,11,96.069958
UNC20191947,11,96.274734
UNC20195694,11,96.536649
S6J113870710,11,96.658578
UNC110158415,11,96.917842
gUNC20231774,11,99.459128
mUNC20253104,11,101.171968
mJAX00031104,11,101.746952
mUNC20269305,11,102.448058
gUNC20270826,11,102.612538
JAX00031181,11,102.776884
UNC20283723,11,103.620899
gJAX00031251,11,103.702667
SBT114153775,11,103.735221
S1H114171157,11,104.169775
SS6114182096,11,104.443227
SAJ114184293,11,104.498164
JAX00320842,11,104.566566
mJAX00320842,11,104.566566
UNC20300480,11,104.765633
UNC20300592,11,104.772323
UNC20301046,11,104.823858
UNC20301207,11,104.832027
gUNC20308037,11,105.447705
UNC20308037,11,105.447705
S6Y114271171,11,106.670112
gUNC20321417,11,106.722083
SFT114427484,11,110.577934
gUNC20385213,11,110.946471
S3N114521637,11,112.931763
mUNC110411106,11,113.123378
JAX00322333,11,113.774919
gUNC20439919,11,113.945253
gUNC20474477,11,116.371872
S6T114666720,11,116.558847
gUNC20511520,11,119.081178
SAH114782589,11,119.455559
S6J114812271,11,120.197614
gUNCHS032520,11,120.275593
UNC20530876,11,120.942453
S2T114842143,11,120.944406
gUNC20538837,11,121.570859
gUNC20544708,12,3.619173
gB6_rs29158719,12,6.011128
S3N120252090,12,6.35227
gUNC20580229,12,7.288043
gUNC20586746,12,7.865434
mUNC20595628,12,8.560086
gUNC20602818,12,9.349595
UNC20614966,12,10.441148
gUNCHS032801,12,11.349517
gJAX00325605,12,11.658234
S6J120471093,12,11.827337
gUNC20635327,12,12.051835
S2H120548872,12,13.771825
SSR120555294,12,13.932366
mbackupUNC120679525,12,14.818439
SAC120656116,12,16.452914
S6J121014671,12,25.416782
SBC121032076,12,25.851917
S6J121093092,12,27.377318
S6R121129281,12,28.282035
S6T121143330,12,28.63326
gUNC20800862,12,29.154402
mUNC120099831,12,31.807572
SAJ121301849,12,32.596246
SBC121315723,12,32.943081
SFT121360331,12,34.058296
gUNC20885486,12,35.413217
S1H121499631,12,37.540792
gUNC20923258,12,38.019055
gUNCHS033277,12,38.918068
mJAX00331091,12,39.097015
gUNC20955697,12,40.407273
mbackupUNC120783111,12,41.152031
S6J121674531,12,41.910074
S1H121677591,12,41.98657
S6Y121733140,12,43.375301
mUNC120395328,12,44.437595
mJAX00035691,12,46.652168
S6J121942437,12,48.607721
gUNC21078967,12,49.668508
gUNC21086396,12,50.431405
gUNC21089226,12,50.6143
mUNC21123087,12,53.231174
gUNC21143369,12,54.637094
gUNC21151474,12,55.503155
mUNC120406284,12,57.023225
gUNC21181993,12,57.956419
gUNC21188452,12,58.432552
gUNC21203131,12,59.655463
UNC21204966,12,59.791056
gUNC21232577,12,61.588721
gUNC21248344,12,62.678908
gUNC21262447,12,63.606138
gUNC120166420,12,64.012812
S2J122608777,12,65.266205
mUNC120417048,12,65.722048
gUNC21297210,12,66.228089
S3C122647423,12,66.232351
S3C122647425,12,66.232403
gICR4461,12,67.058854
gJAX00336586,12,68.419429
gUNC21331337,12,68.834409
UNC21334573,12,69.121825
SS6122765049,12,69.17302
mUNC120175086,12,69.444452
JAX00336932,12,69.751293
SS6122807270,12,70.228525
UNC21349278,12,70.244325
UNC21350093,12,70.288483
gUNC21359045,12,70.837381
UNC21360091,12,70.909199
UNC21362988,12,71.133916
SS6122844635,12,71.162673
gbackupUNC120422555,12,71.544057
S2T122874203,12,71.901857
SS6122883905,12,72.144416
gUNC21380728,12,72.269467
SS6122897382,12,72.481334
UNC21392457,12,73.158556
UNC21395322,12,73.44325
UNC21395813,12,73.484979
UNC21398368,12,73.653496
UNC21415496,12,75.211762
SFT123018710,12,75.514546
JAX00338513,12,76.125978
SS6123044397,12,76.156716
SS6123046613,12,76.212116
UNC21429148,12,76.366224
gUNC21460305,12,79.157326
gUNCHS034051,12,79.524935
SFT123290144,12,82.300394
S1H123310588,12,82.811494
gUNC21505948,12,82.90566
gUNC21513484,12,83.597122
mUNC21540855,12,85.869664
UNC21562220,12,87.436062
UNC21576754,12,89.11319
gUNC21588734,12,90.142333
UNC21588734,12,90.142333
gUNC21596600,12,90.849582
UNC21601697,12,91.23503
UNC120203703,12,91.273403
UNC21609262,12,91.699326
gUNC21618166,12,92.240861
gUNC21618575,12,92.275366
mJAX00342337,12,95.708232
gUNC21687718,12,96.443382
gUNC21692153,12,96.718095
gUNC21707320,12,97.664713
backupJAX00039505,12,98.096681
SSH123936055,12,98.367644
gUNC21737006,12,99.710182
SFH124006151,12,100.120042
gJAX00343352,12,100.537653
S2T124024616,12,100.58168
SAH124034107,12,100.818947
gUNC21764125,12,102.134199
gUNC21771945,12,102.632784
mUNC120225703,12,104.834327
gUNC21807390,12,105.231578
S2R124219622,12,105.456819
gJAX00040095,12,106.029821
S6J124273346,12,106.799914
gUNC21877996,12,110.156646
gJAX00040503,12,111.468981
mUNC21921030,12,113.231054
SAH124646432,12,116.124444
S6Y124693641,12,117.304652
gUNC22009696,12,118.563473
gUNC22030396,13,4.079227
gUNC22045693,13,5.442084
gUNC22052019,13,5.995122
gB6_rs13481676,13,6.354091
gJAX00349662,13,8.668567
mUNC130013342,13,12.550297
gUNC22150735,13,14.370515
gUNC22155486,13,14.790862
gUNC22160603,13,15.197288
gUNCHS035124,13,15.791738
gUNC22193313,13,18.043577
S6J130750563,13,18.948265
mJAX00351791,13,19.842439
gUNC22226145,13,20.343781
mUNC130723388,13,25.43394
gUNC22295480,13,26.019065
mJAX00042848,13,26.760119
gUNC22312523,13,27.229505
gUNC22326121,13,28.665365
S6J131158417,13,29.144425
gUNCHS035390,13,29.49696
gUNC22344786,13,30.144391
gUNC22349695,13,30.448976
UNCHS035430,13,30.974606
S6R131256277,13,31.590924
gUNC22370786,13,32.091921
B10130032124,13,32.308847
gUNC22378085,13,33.127607
gUNC22413201,13,36.082004
B10130036418,13,36.602726
gUNC22419326,13,36.624236
S3C131494451,13,37.545264
gUNC22435647,13,37.751506
mUNC22452412,13,39.011818
gUNC22457961,13,39.349712
gUNC22498496,13,42.60349
gUNC22520992,13,44.499804
backupUNC130055300,13,45.356388
gbackupUNC130055300,13,45.356388
gUNC22570020,13,49.169431
gUNC22596735,13,52.270288
gUNCHS035987,13,53.967992
S6J132182752,13,54.71662
mUNC22644198,13,55.654496
gJAX00045183,13,57.997461
gUNC22697210,13,59.274069
mUNC22706980,13,59.97494
gUNC22747637,13,63.890229
gJAX00361271,13,64.935608
mUNC22774887,13,67.628573
SFH132711364,13,67.932226
gUNC22804107,13,70.136556
gUNC22822869,13,71.358252
gUNC22834369,13,72.129186
mJAX00046278,13,73.959746
S3C133175704,13,79.540726
gUNC22937336,13,80.842049
gUNC22944981,13,81.392685
S6J133316643,13,83.064202
gUNC22968892,13,83.193995
gJAX00047138,13,85.444742
mbackupUNC130149286,13,85.956496
gUNCHS036665,13,86.589567
mJAX00047271,13,87.221115
SBC133584162,13,89.752188
S6J133727668,13,93.328217
S6J133756734,13,94.054862
gUNC23117370,13,94.237187
gUNC23125746,13,94.781354
gUNC23131091,13,95.176388
SAC133804411,13,95.246786
SAJ133804411,13,95.246801
S6J133805358,13,95.270469
mbackupUNC130544625,13,96.166382
mUNC23172519,13,97.653674
gJAX00048130,13,98.7935
gUNCHS036923,13,100.433919
gUNC23228208,13,101.45566
gUNC23234366,13,101.941209
S1H134125647,13,103.277705
S1L134126103,13,103.289089
S1L134126201,13,103.29155
S1J134137990,13,103.586268
gUNC23275835,13,105.044217
gUNC23278990,13,105.285352
S1L134207579,13,105.326005
S1H134208602,13,105.351582
S1J134258165,13,106.590645
gJAX00369279,13,106.619113
S1J134268076,13,106.838428
gUNC23327350,13,108.63071
S1H134401276,13,110.16844
S1L134401322,13,110.169603
S1H134401365,13,110.170682
S1L134404603,13,110.251609
S1J134409672,13,110.378356
S1L134410395,13,110.396431
S1H134415676,13,110.528437
gUNC23356997,13,110.535583
SBC134427121,13,110.814563
gUNC23369740,13,111.2358
S1H134507342,13,112.820084
SFT134537099,13,113.564011
gUNC23416873,13,113.993607
gUNC23442164,13,115.584343
UNC23444574,13,115.766281
S6J134633595,13,115.976429
UNC23448616,13,116.05162
JAX00049430,13,116.084362
UNC23449478,13,116.128859
S1H134641738,13,116.179994
gUNC23451745,13,116.283911
UNC23451745,13,116.283911
UNC23453339,13,116.380764
S1H134649926,13,116.384689
UNC23454931,13,116.514521
gJAX00371508,13,116.626315
JAX00371508,13,116.626315
JAX00371515,13,116.635179
S6H134670222,13,116.892108
UNC23461128,13,116.913685
UNC23461685,13,116.954265
UNC23463754,13,117.076377
UNC23465594,13,117.210536
UNC23473638,13,117.684889
UNC130216048,13,117.707011
gUNC23480731,13,118.165521
gUNC23488534,13,118.734112
SFT134761353,13,119.170376
SFH134765844,13,119.282656
mUNC140092639,14,4.091977
S6R140716583,14,4.555102
gJAX00373763,14,6.266853
UNCHS037448,14,6.28
gJAX00050361,14,7.111785
gICR4598,14,9.065047
gUNCHS037396,14,9.393624
gUNCHS037375,14,10.190762
mUNC140025084,14,12.149522
UNC140025084,14,12.16
gJAX00049884,14,13.52612
JAX00049803,14,14.605842
mJAX00049793,14,14.764471
mJAX00049793b,14,14.78
UNC23661020,14,20.202405
UNC23661740,14,20.26684
UNC23663703,14,20.413828
UNC23665803,14,20.628134
SAH140836670,14,20.966835
gUNC23672654,14,21.251519
S6J140902252,14,22.606368
gUNC23691418,14,22.765914
gUNC23694515,14,23.079303
SX1140955129,14,23.928309
gUNC23706608,14,24.048243
SFJ141092950,14,27.045717
S6J141226279,14,30.378955
gUNC23788657,14,30.748943
gUNC23809139,14,32.439898
gUNC23844920,14,34.782093
S2R141412969,14,35.046193
gbackupUNC140859505,14,35.710899
mUNC23859926,14,36.009516
S6J141459177,14,36.201406
mUNC23882694,14,37.626797
mbackupJAX00378240,14,38.417995
mUNC140891992,14,40.159676
SNT141756972,14,44.161762
gUNCHS038101,14,45.595719
S6Y141859824,14,46.733079
S6H141881220,14,47.267973
gUNC23958168,14,47.371586
S6T141942697,14,48.804883
gUNC23991991,14,50.641405
S6J142226523,14,55.900549
gJAX00053250,14,56.467053
S6J142317174,14,58.166812
mUNC24065365,14,58.842794
mUNC24067106,14,59.175805
mUNC140216578,14,59.93932
S3C142401341,14,60.270998
gUNCHS038512,14,63.121094
mUNC140221618,14,64.373576
gUNC24147801,14,66.601925
gUNC24181673,14,68.874983
gUNC24194081,14,70.013434
S6J142803300,14,70.319951
SFT142826800,14,70.907462
gUNCHS038685,14,70.982903
gUNC24222973,14,72.500941
mUNC24234786,14,73.350952
S3C142937443,14,73.673527
mUNC24248480,14,74.322618
SBC142969494,14,74.474798
gUNC24330859,14,80.894765
gUNC24342447,14,81.967934
gJAX00385780,14,85.125373
gJAX00385847,14,85.751895
gUNC24405864,14,86.803431
mbackupUNC140494563,14,88.557499
SFR143581553,14,89.77627
mUNC140508888,14,89.995712
gUNC24463019,14,90.560509
gUNC24471288,14,91.064781
gUNC24478322,14,91.536483
S3J143658898,14,91.71
S6J143659239,14,91.72
gUNC24499718,14,93.069267
gUNC24504278,14,93.454569
gUNC24537393,14,95.750853
gUNC24571048,14,97.891997
S2R143917508,14,98.175157
gUNC24577376,14,98.417584
gJAX00387659,14,98.681824
S1H143953819,14,99.082917
gUNC24598868,14,99.934233
gUNC24608070,14,100.478828
gUNC24639335,14,102.774757
gJAX00388436,14,103.82471
gUNC24653014,14,104.206107
UNCHS039259,14,105.793267
gUNC24672839,14,105.882381
S6Y144263282,14,106.819484
gUNC24689983,14,107.475272
S2R144294106,14,107.590095
gUNC24696776,14,107.937329
gUNC24707780,14,108.766325
gJAX00389579,14,109.883281
S2H144426129,14,110.890673
gUNC24760625,14,111.788494
gUNC24767577,14,112.211185
S2T144502295,14,112.794818
gUNC24788702,14,113.900412
mUNC141283703,14,114.489129
SFR144573330,14,114.570682
gUNC24832518,14,116.944797
gUNC24846673,14,117.797825
gUNC24849331,14,117.943895
gUNC24861821,14,118.626366
gUNC24882117,14,119.785793
mbackupUNC140589529,14,122.228469
mJAX00058193,14,123.000695
gUNC24934543,14,123.659305
S6J144978233,14,124.693245
mUNC24942178,14,124.84461
gJAX00058379,15,3.698898
gUNC24956990,15,4.758869
gUNC24975925,15,6.348803
gUNC24984364,15,7.08668
gUNC24989547,15,7.445466
mJAX00058872,15,10.274131
gUNC25033585,15,11.147612
SFT150472526,15,11.813245
gUNC25048843,15,12.1992
S6J150549351,15,13.733873
gUNC25076351,15,14.182184
S1H150572362,15,14.309137
S1L150572403,15,14.310168
S1L150573350,15,14.333837
S1J150573858,15,14.346543
S1L150574126,15,14.353242
S1L150576713,15,14.417911
S1H150578425,15,14.460735
mUNC150014104,15,14.589516
S1L150587466,15,14.686741
S6J150609921,15,15.248115
gUNC25091806,15,15.352525
gUNC25091806b,15,15.352525
SFT150643238,15,16.081047
mUNC150330402,15,17.142336
gUNCHS039733,15,17.931443
SFH150741465,15,18.536731
S6J150745211,15,18.630382
S2J150747557,15,18.689017
mUNC150335309,15,19.885084
gUNC25164379,15,20.681435
gUNC25170555,15,21.271624
gUNCHS039762,15,21.761298
S6J150975217,15,24.380527
mbackupUNC150068734,15,26.623362
gUNC25259254,15,28.26478
gUNC25275535,15,29.322031
gUNC25278296,15,29.588036
gUNCHS039894,15,30.345118
gUNC25294263,15,30.631048
SSR151258930,15,31.473399
gUNC25323624,15,32.444136
S3N151341277,15,33.532086
S3C151346187,15,33.654822
SBC151384683,15,34.617223
mUNC150350596,15,35.088355
gUNC150117369,15,35.402017
SSH151456653,15,36.416477
SSH151457661,15,36.441671
gUNC25385155,15,37.292599
gUNC25423072,15,39.968799
gJAX00061149,15,40.645656
gUNC25435888,15,41.021359
B10150041538,15,41.402127
gUNC25481563,15,44.407342
S2H151790651,15,44.629679
gUNC25518221,15,46.856593
gJAX00400064,15,47.790831
gUNC150362516,15,47.877439
gJAX00061776,15,49.000412
gUNC25552668,15,49.374774
gUNC25563416,15,49.96988
gUNC25572580,15,50.70743
gUNC25604126,15,53.138753
SFR152157881,15,53.810431
gUNC25620567,15,54.346242
gUNC25624794,15,54.644425
gUNC25658310,15,57.164556
mJAX00402089,15,57.974117
mUNC25678371,15,58.532855
gUNC25683390,15,58.861959
gUNCHS040445,15,61.037273
gUNC25726013,15,62.224777
gUNC25727639,15,62.37408
gJAX00062845,15,63.304462
gUNC25744867,15,63.973297
SFT152569293,15,64.104195
gUNC25757731,15,64.763996
SAC152651153,15,66.15068
gUNC25775543,15,66.165483
gUNC25786401,15,66.982864
SFC152715100,15,67.749369
mbackupUNC150438000,15,67.862264
gUNC25807129,15,68.444693
S3R152747759,15,68.565833
gUNC25817488,15,69.146137
gUNCHS040692,15,71.793786
gUNC25865047,15,72.286159
gUNC25882433,15,73.644171
gUNC25891768,15,74.272614
gJAX00063879,15,77.091537
gJAX00406586,15,78.406629
S6H153140962,15,78.408273
mJAX00064006,15,78.778786
gUNC25951716,15,79.637179
S3T153217437,15,80.320144
mbackupUNC150396514,15,82.935297
S6J153358796,15,83.854104
S6J153359312,15,83.867015
gUNC26009510,15,84.471198
S6J153418410,15,85.344456
gUNC26031146,15,86.032804
S2H153465773,15,86.528529
SSH153471216,15,86.664604
gUNC26052345,15,87.556713
gUNC26076456,15,89.566703
S2R153588302,15,89.591772
SX1153656292,15,91.291524
gUNC26106597,15,91.359284
SX1153677085,15,91.825014
UNC26114934,15,91.867683
gUNC26118052,15,92.074167
gUNC26124488,15,92.520427
gUNC26126785,15,92.706065
UNC26127922,15,92.827371
UNC26129267,15,92.940471
mUNC26129825,15,92.994583
UNC26133218,15,93.324456
gUNC26137092,15,93.656408
SX1153792294,15,94.705254
UNC26161152,15,95.384696
gUNC26166295,15,95.768895
gUNC26171675,15,96.105729
gUNC26171675b,15,96.105729
gUNC26181231,15,97.048675
gUNC26190765,15,97.697354
SX1153916186,15,97.802551
gUNC26193538,15,97.902095
SX1153921934,15,97.94625
SFJ153946145,15,98.551509
gUNC26208966,15,99.372367
gUNC26210905,15,99.538059
UNC150277167,15,100.167109
mUNC26221559,15,100.603776
gUNC26224459,15,100.936603
SBT154068790,15,101.628197
gUNCHS041500,15,102.786743
gUNC26253762,16,4.275271
gUNC26261374,16,5.079242
gUNC26285827,16,6.833231
SAC160331716,16,8.110773
gUNCHS041654,16,9.195118
mUNC26327459,16,10.143595
gUNC26351740,16,12.105604
gUNC26356252,16,12.460609
gUNC26364589,16,13.139819
mUNC160026026,16,13.888926
SS1160616655,16,15.234254
SS1160618780,16,15.287374
SS1160623791,16,15.412643
SS1160636112,16,15.720682
SS1160646570,16,15.982115
gUNC26396187,16,16.15511
mJAX00415217,16,19.588895
gbackupUNC160475666,16,21.034428
gUNC26453945,16,21.520459
gUNC26467931,16,22.558065
gUNCHS042121,16,24.330167
gUNC26498183,16,24.903923
mUNC160157865,16,25.226096
UNC26530114,16,27.047293
mbackupUNC160158316,16,27.374716
gUNC26539011,16,27.61421
gUNC26550897,16,28.403839
gJAX00416837,16,29.269781
mJAX00067886,16,30.11744
SX1161227922,16,30.516884
gUNC26589630,16,31.060936
mJAX00067957,16,31.074074
mUNC26589758,16,31.082284
gUNC26590160,16,31.118368
gUNC26590323,16,31.13915
S3R161280845,16,31.839961
gUNC26609904,16,32.995373
gUNC26609904b,16,32.995373
gUNC26610304,16,33.030996
ST2161329615,16,33.060747
gUNC26611901,16,33.170102
gUNC26612033,16,33.179409
mUNC26614842,16,33.4027
gUNC26617432,16,33.572644
gUNC26621167,16,33.831252
gUNC26622094,16,33.916391
SX1161372334,16,34.128731
gUNCHS042395,16,34.182396
gUNC26627516,16,34.271858
gUNC26628530,16,34.341317
S2H161405389,16,34.95511
gUNC26636041,16,34.973682
gUNC26636079,16,34.97849
gUNC26646526,16,35.734136
UNC26647019,16,35.820491
UNC26651633,16,36.400275
S6J161470897,16,36.592807
SAH161518913,16,37.793206
ST2161555858,16,38.716816
ST2161558293,16,38.777692
gUNC26676774,16,38.997744
ST2161574938,16,39.193817
ST2161578898,16,39.292816
S6J161597205,16,39.750508
UNC26693650,16,40.607878
gUNCHS042586,16,40.82068
gJAX00068715,16,41.191222
gJAX00068722,16,41.279836
gUNC26700109,16,41.296538
mUNC26710102,16,42.26847
gUNC26725019,16,44.082995
gUNC26731136,16,44.513456
gJAX00419438,16,45.339975
gUNC26756030,16,46.333462
gUNC26762470,16,46.855118
SFT161900586,16,47.335017
S6J161911764,16,47.61447
SBC161949709,16,48.56311
mUNC26793881,16,49.39055
mUNC26808608,16,50.531062
gJAX00069521,16,51.955698
gUNC26835057,16,52.56975
gUNCHS042823,16,52.887396
gUNC26849939,16,53.653536
gUNC26855954,16,54.03684
gUNC26865954,16,54.773825
gUNC26883491,16,56.198387
gUNC26892565,16,56.834111
gUNC26910303,16,58.532838
gUNCHS042936,16,58.875628
mUNC160089673,16,59.800617
gUNC26960755,16,62.377387
SFR162558272,16,63.777169
gUNC26988451,16,64.421833
gUNC27017128,16,66.583656
gUNC27037630,16,68.032958
gJAX00070744,16,68.373679
mUNC27051130,16,69.136092
gUNC27065417,16,70.263901
S6J162881072,16,71.823709
gUNC27095787,16,72.244591
gUNC27104920,16,72.799749
SAC162943471,16,73.383679
gUNC27119489,16,73.910366
gUNC27132245,16,74.751678
gUNC27135159,16,74.928951
gUNC27161197,16,76.649104
gUNC27189669,16,78.413733
gUNC27209036,16,79.618177
gUNC27244717,16,81.832637
gUNC27250809,16,82.222714
gUNC27259659,16,82.856682
gUNCHS043247,16,85.760222
gJAX00072193,16,87.723306
gUNC27355255,16,88.94085
SAH163619934,16,90.29524
gUNCHS043343,16,91.892492
SAH163702838,16,92.367858
gUNC27436877,16,94.281759
gUNC27446452,16,94.926766
gUNC27462990,16,96.114766
S2R170162768,17,4.119477
gUNC27522753,17,5.853423
mUNC170287409,17,7.406062
S6J170327543,17,8.407409
gUNC27542675,17,9.210751
gUNC27556958,17,10.573518
gUNC27566172,17,11.537395
S6J170482004,17,12.268992
S3C170492571,17,12.533181
gUNC27580058,17,12.660422
S2R170500175,17,12.723272
gUNC27620067,17,17.711112
SFT170705660,17,17.861763
SAC170714188,17,18.074966
gUNC27683217,17,24.186854
gUNC27699942,17,25.708462
gJAX00074632,17,26.310044
gUNC27726162,17,27.868592
mJAX00074907,17,29.988513
gJAX00435631,17,30.578728
mUNC27778991,17,32.24494
S1L171330630,17,33.484731
gUNC27802572,17,34.379637
S3C171366510,17,34.381724
gUNC27822205,17,36.033298
SSR171470800,17,37.080911
gUNC27844705,17,38.120416
gUNC27853366,17,40.827501
gUNC27860067,17,41.645701
mUNC170098448,17,41.996354
gUNC27866461,17,42.359177
S6J171730251,17,43.567176
gUNC27894096,17,44.00351
gUNC27898668,17,44.232001
S6J171797435,17,45.246764
SAH171853596,17,46.650844
gUNC27998586,17,51.543411
gUNC28010464,17,52.48813
gJAX00076706,17,54.57886
mUNC170133786,17,55.673928
SFT172278468,17,57.268712
mJAX00076934,17,57.584036
gJAX00442831,17,59.205268
gUNCHS044625,17,60.312701
gUNC28135094,17,61.078285
gUNC28144678,17,61.694634
mJAX00077306,17,62.566804
gUNC28162302,17,63.159664
S6J172520504,17,63.319606
gUNC28172418,17,64.021989
mJAX00077484,17,65.071596
S1H172615906,17,65.704665
mbackupJAX00077565,17,66.150248
S6R172675771,17,67.201288
S6J172710115,17,68.059878
UNC28237430,17,68.197594
gbackupUNC170152056,17,68.585037
gUNC28254443,17,69.227318
UNC28266829,17,70.058939
SSH172795358,17,70.190954
UNC28274024,17,70.520816
gUNC28281378,17,70.942959
gUNC28298281,17,71.947944
mUNC28303614,17,72.276213
UNC28305214,17,72.359791
gUNCHS044895,17,72.544934
UNC28315789,17,73.042049
SX1172918340,17,73.265519
UNC28319378,17,73.270941
UNC28329727,17,73.894248
SX1172952250,17,74.113269
ST2172981175,17,74.836382
S6J173007682,17,75.499068
mbackupUNC170182621,17,75.61395
gUNC28362305,17,76.008747
gUNC28369711,17,76.497753
gUNC28379024,17,77.071782
JAX00078388,17,77.124919
SSR173074207,17,77.162193
S3N173098326,17,77.765147
gUNC28391737,17,77.81514
gUNC28402199,17,78.512629
UNC28403000,17,78.581754
gUNC28404244,17,78.658935
gUNC28404244b,17,78.658935
gUNCHS045010,17,79.13216
gUNC28447129,17,81.246675
gUNC28452239,17,81.560791
SX1173263977,17,81.906862
gUNC28500449,17,84.873748
gJAX00448815,17,85.373473
gJAX00448815b,17,85.373473
UNC28512003,17,85.658046
gUNCHS045135,17,85.959346
gUNC28516586,17,86.033902
gUNC28517738,17,86.099753
UNC28518541,17,86.14547
SX1173462937,17,86.880854
SX1173464848,17,86.928645
S1H173471830,17,87.103186
gUNC28534005,17,87.266119
gUNC28536124,17,87.433777
UNC28537491,17,87.519112
gUNC28538626,17,87.584632
UNC28545160,17,88.030367
UNC28554564,17,88.705084
SX1173586340,17,89.965939
gUNC28610918,17,92.355502
SX1173685806,17,92.452578
mbackupUNC170236285,17,93.336496
UNC28626374,17,93.472944
mJAX00450679,18,3.235759
mUNC180320551,18,4.516519
UNC180320551,18,4.516519
gUNC28660113,18,5.264642
gUNCHS045360,18,5.463634
JAX00079929,18,5.526503
gUNC28666327,18,5.95199
SX1180240171,18,6.004293
UNC28667824,18,6.114161
SSH180247841,18,6.196042
gJAX00451098,18,6.449253
gJAX00080014,18,6.684512
gbackupUNC180006260,18,6.988699
UNC28678086,18,7.087224
gUNC28692973,18,8.466364
UNC28696250,18,8.720174
gUNC28700487,18,9.069017
SAH180368051,18,9.201291
SX1180411495,18,10.287386
gJAX00080309,18,10.63103
SX1180450076,18,11.251908
SX1180482214,18,12.188428
gUNC28742995,18,12.411976
UNC28745933,18,12.567422
UNC28753806,18,13.074239
UNC28756673,18,13.265561
gUNC28757017,18,13.319041
gUNC28764445,18,14.03521
UNC28768838,18,14.459572
S6J180575286,18,14.51522
S6J180597934,18,15.081431
gUNC28777523,18,15.209992
gUNC28781425,18,15.554661
gUNC28792592,18,16.42743
gJAX00453002,18,16.953152
mbackupUNC180055732,18,17.241119
mbackupUNC180055732b,18,17.241119
mJAX00212478,18,18.145854
gUNC28827725,18,19.219158
gUNC28848187,18,20.738339
gUNC28878930,18,23.291535
BCC180983620,18,24.723612
mUNC180406273,18,24.859312
gUNC28912730,18,25.795125
JAX00081466,18,26.043748
UNC28915382,18,26.051596
JAX00454425,18,26.230107
gUNC28923760,18,26.761405
gUNC28941952,18,28.24104
gUNC28943656,18,28.387284
UNC28945366,18,28.502569
gJAX00081668,18,28.728322
JAX00081668,18,28.728322
JAX00081670,18,28.768694
UNC28950623,18,28.916638
UNC28952794,18,29.054589
S3C181157585,18,29.072689
UNC28953513,18,29.092306
gUNC28965044,18,29.939395
UNC28965044,18,29.939395
SX1181208741,18,30.351591
UNC28990333,18,31.576376
gUNC29013112,18,33.467918
gUNC29015743,18,33.682939
gUNC29016808,18,33.747488
UNC29025062,18,34.2545
gUNC29026576,18,34.348441
UNC29026576,18,34.348441
gUNC29027968,18,34.480257
JAX00082128,18,34.865481
gJAX00456034,18,35.120607
UNC29048779,18,36.591332
SAJ181461903,18,36.68064
mUNC180079908,18,36.900649
UNC29068291,18,38.244188
UNCHS045989,18,38.285814
gUNCHS045994,18,38.413015
gUNC29077485,18,38.922429
gJAX00457235,18,41.341243
gUNC29117245,18,41.934399
S6Y181679207,18,42.11324
gUNC180267595,18,42.544453
gUNC29130216,18,42.873852
gUNC29139558,18,43.486479
gUNCHS046136,18,44.083398
SX1181798784,18,45.102687
gJAX00458183,18,46.033247
UNCHS046197,18,46.99422
gUNC29193918,18,47.315035
S6Y181889625,18,47.3737
JAX00083108,18,48.013362
gUNC29205101,18,48.126329
gUNC29232217,18,50.095732
gUNC29240206,18,50.704792
UNC29245245,18,51.150965
gUNC29275913,18,53.297038
S6J182162904,18,54.205687
gUNC29320298,18,56.643818
mUNC29349964,18,58.548246
ST2182404043,18,60.234153
gUNC29400812,18,61.752093
gUNC29404499,18,62.050382
SBC182501195,18,62.662954
gUNC29452833,18,65.156442
gUNC29463268,18,65.79996
S6H182636594,18,66.047934
gUNCHS046617,18,68.762674
gUNC29533260,18,70.17768
UNC29539674,18,70.558675
SFT182818838,18,70.604031
SFT182818842,18,70.604131
mUNC180159545,18,71.52319
gJAX00464513,18,72.346734
S2T182921681,18,73.17511
S2H182948246,18,73.839221
SBC182987359,18,74.817048
gUNC29607384,18,74.832856
S6J182991262,18,74.914633
S2T183008149,18,75.336796
gJAX00085313,18,77.427911
gUNC29678447,18,79.598574
gUNC29691584,18,80.467161
S6J183234400,18,80.903237
gJAX00085603,18,81.302308
gUNCHS046903,18,83.026203
mbackupUNC180199802,18,84.693869
gUNC29787730,18,87.004139
mJAX00468495,18,88.162262
gUNCHS046992,18,88.841248
gJAX00468967,19,3.576833
gUNC29827168,19,3.687651
gUNC29840729,19,5.256308
gUNC29847184,19,5.922044
gUNC29862012,19,7.475469
mUNC29870082,19,8.782861
gJAX00470180,19,10.144621
gUNC29893228,19,11.23334
SSH190476850,19,11.898629
SFT190507932,19,12.675679
gUNC29912474,19,12.801246
gbackupUNC190150199,19,15.334473
mUNC190150911,19,15.756269
UNC29982619,19,17.78498
SSH190725498,19,18.114835
SAH190772499,19,19.289859
gUNC30006733,19,19.296561
S6J190858799,19,21.447344
S2H190908507,19,22.690044
gUNC30072077,19,22.985952
gUNC30078218,19,23.435078
S2T190976251,19,24.383656
SX1190978984,19,24.451982
SX1190983202,19,24.557428
UNC30098100,19,24.567856
S6H190989482,19,24.714424
gUNC30102034,19,24.792881
UNC30103919,19,24.900141
UNC30106304,19,25.032214
UNC30109707,19,25.203538
gUNC30109889,19,25.21526
gUNCHS047417,19,25.603381
UNC30117549,19,25.644622
UNC30118461,19,25.710953
gUNC30126123,19,26.253927
gUNC30144119,19,27.47016
UNC30145625,19,27.588938
UNC30148273,19,27.766239
UNC30150902,19,28.067994
UNC30162928,19,28.864795
mUNC190034224,19,29.169032
mUNC190034224b,19,29.169032
gUNC30174108,19,29.696966
gUNC30179422,19,30.119408
gUNC30190932,19,30.878695
UNC30190932,19,30.878695
gUNC30194773,19,31.126541
gUNC30267063,19,36.772662
UNC30267063,19,36.772662
UNC30268264,19,36.872257
JAX00476797,19,37.604731
UNC30277066,19,37.633792
gJAX00476871,19,37.91155
SX1191541005,19,38.513586
gUNC30309042,19,40.256887
gUNC30309860,19,40.311614
gUNC30311299,19,40.408233
gUNC30323050,19,41.00719
UNC30324577,19,41.107096
S6H191688137,19,42.191878
UNC30342371,19,42.410947
gUNC30347226,19,42.730998
SX1191716176,19,42.892843
gUNC30354272,19,43.24659
UNC30355310,19,43.382758
SX1191766498,19,44.150907
S6J191815106,19,45.366089
S6J191822723,19,45.556521
JAX00089456,19,45.617337
gUNC30392264,19,46.104737
gUNC30400546,19,46.804516
SX1191882108,19,47.041149
gUNC30418404,19,47.902542
gUNC30419484,19,47.967235
mJAX00479293,19,48.14288
UNC30427206,19,48.417927
gUNC30431845,19,48.817803
mUNC30440035,19,49.520467
gJAX00215162,19,50.204996
SAH192033410,19,50.823694
gUNC30475312,19,51.525545
B6_rs30447436,19,52.05724
gUNC30500882,19,52.955245
gUNC30521202,19,54.415944
gJAX00090151,19,54.877685
gUNC30532167,19,55.20808
UNC30532837,19,55.241
gUNC30534660,19,55.380299
gUNC30550675,19,56.460244
UNC30559311,19,57.079142
gUNC30559855,19,57.104891
gUNC30567892,19,57.657245
UNC30567994,19,57.665906
gUNCHS048085,19,58.342977
gUNC30587009,19,59.236216
gUNC30592323,19,59.745121
gUNC30595713,19,60.104756
gJAX00481828,19,60.151504
UNCHS048168,19,60.757329
SXX200249422,X,6.147611
gUNC30621040,X,7.465359
SXX200310860,X,7.637751
gJAX00708849,X,8.035148
SAH200383508,X,9.453945
SFT200406138,X,10.019711
gUNC30638980,X,10.065621
gUNC30646731,X,10.964713
gUNC30649432,X,11.274374
S6J200459717,X,11.359186
gUNC30659322,X,12.409269
mJAX00177172,X,12.537794
SXX200510118,X,12.619212
SXX200555384,X,13.750857
SXX200565619,X,14.006724
mJAX00709622,X,14.796244
gUNCHS048329,X,15.321156
mUNC30687700,X,16.098897
SXX200658248,X,16.322452
gUNC30698758,X,17.795221
gbackupUNC200355425,X,18.977336
gUNC30709000,X,19.145594
SXX200803928,X,19.964449
gJAX00710061,X,20.099639
mJAX00177765,X,20.648151
SXX200852088,X,21.168459
SXX200859326,X,21.349411
SXX200900812,X,22.38654
mbackupJAX00710313,X,22.948289
gUNC30742350,X,35.271738
SXX201441759,X,35.307629
SXX201444577,X,35.37809
SXX201484451,X,36.374948
mUNC200007700,X,37.627912
mJAX00178201,X,38.499824
gUNC30758797,X,38.984453
mbackupUNC200008026,X,39.37935
SXX201642834,X,40.159727
gUNCHS048485,X,40.342818
mUNC200388435,X,40.492689
SXX201709777,X,41.833323
SXX201752124,X,42.891999
gUNC30777756,X,42.980725
S6J201952187,X,47.89357
SXX202001833,X,49.134717
mbackupUNC200011184,X,49.813517
gUNC30819822,X,50.113055
SXX202074857,X,50.960318
UNC30825576,X,51.162995
gbackupUNC200012354,X,51.804053
UNC30833446,X,52.1384
mbackupUNC200012541,X,52.158621
SXX202274118,X,55.898324
mUNC_rs47654132,X,56.147035
UNC30850457,X,56.397497
gUNC30853537,X,56.813807
gUNC30853537b,X,56.813807
backupUNC200013645,X,56.901048
JAX00179434,X,56.945223
SXX202318349,X,57.004087
gUNC30859684,X,57.651486
gJAX00712235,X,57.920189
mJAX00712239,X,58.020625
SXX202362414,X,58.105727
SXX202407484,X,59.232475
mbackupJAX00712427,X,59.972252
SXX202459414,X,60.528962
mJAX00179713,X,60.761078
gJAX00179753,X,61.282642
SXX202508616,X,61.759022
gJAX00179815,X,62.123903
SXX202555079,X,62.920597
mJAX00180030,X,65.017679
gJAX00180161,X,66.770839
gUNC30930499,X,68.01229
S1H202771893,X,68.340955
SXX202776137,X,68.447047
SXX202778864,X,68.515206
mUNC30934795,X,68.627699
gUNCHS048795,X,69.373693
SXX202832126,X,69.846776
mJAX00713567,X,70.989715
SXX202964970,X,73.167869
SXX203009699,X,74.286104
mUNC200020256,X,74.869052
SXX203053417,X,75.379048
SXX203058219,X,75.499101
gJAX00180834,X,76.041787
SXX203104543,X,76.657186
SXX203110156,X,76.797507
mJAX00714309,X,77.842119
gJAX00181000,X,78.362963
gJAX00181056,X,79.123539
gJAX00714555,X,80.779907
SXX203287666,X,81.235263
gJAX00181261,X,81.868818
SXX203342966,X,82.617765
SXX203346641,X,82.709647
S3J203353495,X,82.880992
gUNCHS048901,X,83.407438
SXX203396034,X,83.944465
mJAX00181615,X,86.623889
S6J203523445,X,87.129741
gJAX00715304,X,87.961392
SXX203575044,X,88.419728
SXX203596199,X,88.948582
SXX203620442,X,89.554674
gJAX00715624,X,91.124827
gUNC31094010,X,91.743003
SXX203712538,X,91.857061
gUNC31097694,X,92.431879
S6J203747996,X,92.743513
gUNCHS048963,X,92.945699
S1H203757338,X,92.977076
gUNC31117076,X,95.566114
SXX203876365,X,95.952736
gUNC31120242,X,96.119838
mbackupUNC200614817,X,96.587998
SFC203935298,X,97.426066
gJAX00182437,X,97.971087
SXX204012926,X,99.366774
SXX204016348,X,99.452313
SXX204024437,X,99.654553
gUNC31147619b,X,100.147518
SXX204063272,X,100.625408
gUNC31151289,X,100.670868
SXX204083188,X,101.123308
gUNC31156667,X,101.458132
SXX204131106,X,102.321256
SXX204164025,X,103.14425
gUNC31169206,X,103.511369
SXX204237664,X,104.985223
SXX204244226,X,105.149269
mUNC200029837,X,105.15944
gUNCHS049155,X,105.974549
SXX204285988,X,106.193311
SXX204331192,X,107.323421
gUNC31194840,X,107.512448
gUNC31200847,X,108.43691
SXX204404582,X,109.158163
gUNC31207520,X,109.501695
UNC31221166,X,111.990306
gUNC31222616,X,112.224117
gUNCHS049231,X,114.247824
gUNCHS049243,X,116.00817
SX1204758253,X,117.866042
gUNC31266428,X,118.734674
mUNC200167426,X,119.499661
SXX204891759,X,121.203685
gUNCHS049276,X,121.486371
gUNC31306104,X,127.19196
SXX205137886,X,127.34791
mUNC200687011,X,127.875857
gUNC31310260,X,127.994533
SXX205211966,X,129.199919
UNC31321705,X,130.182469
SXX205252542,X,130.214319
UNC31325940,X,130.9459
SXX205283973,X,131.000076
gUNCHS049319,X,131.27507
S6J205319015,X,131.87613
SXX205366024,X,133.051361
S6J205438929,X,134.873985
SXX205448587,X,135.115448
gUNC31362412,X,135.914059
gUNC31369362,X,136.760083
gJAX00185066,X,136.907768
SXX205560666,X,137.917422
SXX205579878,X,138.3977
gUNC31383955,X,138.655812
gUNC31384599,X,138.728717
SXX205604397,X,139.010694
S6J205609960,X,139.149754
SXX205618769,X,139.369982
mJAX00185322,X,140.393371
SXX205667754,X,140.476854
UNC31400930,X,140.804311
gUNC31404720,X,141.278252
SXX205706204,X,141.438118
SXX205728017,X,141.983438
SXX205753377,X,142.617433
SXX205773227,X,143.11368
SXX205787608,X,143.473208
SXX205800381,X,143.792527
SXX205819204,X,144.263103
gUNCHS049501,X,144.501785
gUNCHS049505,X,144.801874
SXX205845915,X,144.930894
mUNC200886512,X,145.31617
gUNC31452796,X,149.116433
SFT206024418,X,149.393446
SXX206032524,X,149.596116
UNC31456355,X,149.610229
SXX206035813,X,149.678327
mUNC200203655,X,149.786059
SBT206052839,X,150.103973
backupUNC200204428,X,150.255928
gUNC31462169,X,150.417448
gUNCHS049562,X,151.083
SXX206114418,X,151.643467
SXX206130465,X,152.044621
gUNCHS049580,X,152.47891
gUNC31487325,X,154.416051
SBT206227901,X,154.48053
UNC31489945,X,154.773035
SXX206252353,X,155.091828
SXX206277005,X,155.708145
gUNC31502377,X,156.425639
gUNC31504684,X,156.717377
SXX206350333,X,157.541333
mUNC200245326,X,157.707795
SXX206357575,X,157.722373
SXX206368498,X,157.995453
SBC206391380,X,158.56752
mUNC31517925,X,158.658713
SXX206409978,X,159.032457
SXX206438880,X,159.755018
SXX206443773,X,159.87733
gUNCHS049674,X,160.035117
SXX206454310,X,160.140748
mbackupJAX00722366,X,160.7069
SXX206492014,X,161.083347
SXX206511014,X,161.558361
gUNC31538825,X,161.590099
SXX206519467,X,161.769684
SXX206560764,X,162.802096
mUNC200048303,X,162.830998
mJAX00186885,X,163.857698
S6J206612631,X,164.098786
SXX206660204,X,165.288118
SXX206680968,X,165.807206
SXX206683419,X,165.868491
gUNCHS049751,X,166.178759
SXX206700404,X,166.293119
SXX206725721,X,166.926035
mUNC31584804,X,167.034187
SXX206749946,X,167.531653
SXX206763835,X,167.878878